Year,Team,Home Wins,Home Loss,Away Wins,Away Loss,HomePCT,AwayPCT,TotalPCT
1968,Atlanta?Hawks,28,12,18,21,0.7,0.461538462,0.585365854
1969,Atlanta?Hawks,25,13,18,16,0.657894737,0.529411765,0.585365854
1970,Atlanta?Hawks,21,20,14,26,0.512195122,0.35,0.43902439
1971,Atlanta?Hawks,22,19,13,26,0.536585366,0.333333333,0.43902439
1972,Atlanta?Hawks,28,13,17,23,0.682926829,0.425,0.56097561
1973,Atlanta?Hawks,23,18,12,25,0.56097561,0.324324324,0.426829268
1974,Atlanta?Hawks,22,19,9,32,0.536585366,0.219512195,0.37804878
1975,Atlanta?Hawks,20,21,9,32,0.487804878,0.219512195,0.353658537
1976,Atlanta?Hawks,19,22,12,29,0.463414634,0.292682927,0.37804878
1977,Atlanta?Hawks,29,12,12,29,0.707317073,0.292682927,0.5
1978,Atlanta?Hawks,34,7,12,29,0.829268293,0.292682927,0.56097561
1979,Atlanta?Hawks,32,9,18,23,0.780487805,0.43902439,0.609756098
1980,Atlanta?Hawks,20,21,11,30,0.487804878,0.268292683,0.37804878
1981,Atlanta?Hawks,24,17,18,23,0.585365854,0.43902439,0.512195122
1982,Atlanta?Hawks,26,15,17,24,0.634146341,0.414634146,0.524390244
1983,Atlanta?Hawks,31,10,9,32,0.756097561,0.219512195,0.487804878
1984,Atlanta?Hawks,19,22,15,26,0.463414634,0.365853659,0.414634146
1985,Atlanta?Hawks,34,7,16,25,0.829268293,0.390243902,0.609756098
1986,Atlanta?Hawks,35,6,22,19,0.853658537,0.536585366,0.695121951
1987,Atlanta?Hawks,30,11,20,21,0.731707317,0.487804878,0.609756098
1988,Atlanta?Hawks,33,8,19,22,0.804878049,0.463414634,0.634146341
1989,Atlanta?Hawks,25,16,16,25,0.609756098,0.390243902,0.5
1990,Atlanta?Hawks,29,12,14,27,0.707317073,0.341463415,0.524390244
1991,Atlanta?Hawks,23,18,15,26,0.56097561,0.365853659,0.463414634
1992,Atlanta?Hawks,25,16,18,23,0.609756098,0.43902439,0.524390244
1993,Atlanta?Hawks,36,5,21,20,0.87804878,0.512195122,0.695121951
1994,Atlanta?Hawks,24,17,18,23,0.585365854,0.43902439,0.512195122
1995,Atlanta?Hawks,26,15,20,21,0.634146341,0.487804878,0.56097561
1996,Atlanta?Hawks,36,5,20,21,0.87804878,0.487804878,0.682926829
1997,Atlanta?Hawks,29,12,21,20,0.707317073,0.512195122,0.609756098
1998,Atlanta?Hawks,16,9,15,10,0.64,0.6,0.62
1999,Atlanta?Hawks,21,20,7,34,0.512195122,0.170731707,0.341463415
2000,Atlanta?Hawks,18,23,7,34,0.43902439,0.170731707,0.304878049
2001,Atlanta?Hawks,23,18,10,31,0.56097561,0.243902439,0.402439024
2002,Atlanta?Hawks,26,15,9,32,0.634146341,0.219512195,0.426829268
2003,Atlanta?Hawks,18,23,10,31,0.43902439,0.243902439,0.341463415
2004,Atlanta?Hawks,9,32,4,37,0.219512195,0.097560976,0.158536585
2005,Atlanta?Hawks,18,23,8,33,0.43902439,0.195121951,0.317073171
2006,Atlanta?Hawks,18,23,12,29,0.43902439,0.292682927,0.365853659
2007,Atlanta?Hawks,25,16,12,29,0.609756098,0.292682927,0.451219512
2008,Atlanta?Hawks,31,10,16,25,0.756097561,0.390243902,0.573170732
2009,Atlanta?Hawks,34,7,19,22,0.829268293,0.463414634,0.646341463
2010,Atlanta?Hawks,24,17,20,21,0.585365854,0.487804878,0.536585366
1950,Baltimore?Bullets,21,11,3,25,0.65625,0.107142857,0.363636364
1951,Baltimore?Bullets,17,15,2,22,0.53125,0.083333333,0.303030303
1952,Baltimore?Bullets,11,20,1,19,0.35483871,0.05,0.228571429
1953,Baltimore?Bullets,12,20,0,20,0.375,0,0.222222222
1963,Baltimore?Bullets,20,19,8,21,0.512820513,0.275862069,0.3875
1964,Baltimore?Bullets,23,14,12,19,0.621621622,0.387096774,0.4625
1965,Baltimore?Bullets,29,9,4,25,0.763157895,0.137931034,0.475
1966,Baltimore?Bullets,12,20,3,30,0.375,0.090909091,0.24691358
1967,Baltimore?Bullets,17,19,12,23,0.472222222,0.342857143,0.43902439
1968,Baltimore?Bullets,29,9,24,15,0.763157895,0.615384615,0.695121951
1969,Baltimore?Bullets,25,12,19,18,0.675675676,0.513513514,0.609756098
1970,Baltimore?Bullets,24,13,16,25,0.648648649,0.390243902,0.512195122
1971,Baltimore?Bullets,18,15,16,24,0.545454545,0.4,0.463414634
1972,Baltimore?Bullets,24,9,21,17,0.727272727,0.552631579,0.634146341
1950,Boston?Celtics,26,6,9,22,0.8125,0.290322581,0.565217391
1951,Boston?Celtics,22,7,10,19,0.75862069,0.344827586,0.590909091
1952,Boston?Celtics,21,3,11,18,0.875,0.379310345,0.647887324
1953,Boston?Celtics,16,6,11,19,0.727272727,0.366666667,0.583333333
1954,Boston?Celtics,20,5,5,22,0.8,0.185185185,0.5
1955,Boston?Celtics,20,7,12,15,0.740740741,0.444444444,0.541666667
1956,Boston?Celtics,27,4,12,19,0.870967742,0.387096774,0.611111111
1957,Boston?Celtics,25,4,17,13,0.862068966,0.566666667,0.680555556
1958,Boston?Celtics,26,4,13,15,0.866666667,0.464285714,0.722222222
1959,Boston?Celtics,25,2,23,9,0.925925926,0.71875,0.786666667
1960,Boston?Celtics,21,7,24,11,0.75,0.685714286,0.721518987
1961,Boston?Celtics,23,5,26,12,0.821428571,0.684210526,0.75
1962,Boston?Celtics,25,5,21,16,0.833333333,0.567567568,0.725
1963,Boston?Celtics,26,4,21,17,0.866666667,0.552631579,0.7375
1964,Boston?Celtics,27,3,27,11,0.9,0.710526316,0.775
1965,Boston?Celtics,26,5,19,18,0.838709677,0.513513514,0.675
1966,Boston?Celtics,27,4,25,11,0.870967742,0.694444444,0.740740741
1967,Boston?Celtics,28,9,20,16,0.756756757,0.555555556,0.658536585
1968,Boston?Celtics,24,12,21,19,0.666666667,0.525,0.585365854
1969,Boston?Celtics,16,21,13,27,0.432432432,0.325,0.414634146
1970,Boston?Celtics,25,14,18,22,0.641025641,0.45,0.536585366
1971,Boston?Celtics,32,9,21,16,0.780487805,0.567567568,0.682926829
1972,Boston?Celtics,33,6,32,8,0.846153846,0.8,0.829268293
1973,Boston?Celtics,26,6,21,18,0.8125,0.538461538,0.682926829
1974,Boston?Celtics,28,13,32,9,0.682926829,0.780487805,0.731707317
1975,Boston?Celtics,31,10,23,18,0.756097561,0.56097561,0.658536585
1976,Boston?Celtics,28,13,16,25,0.682926829,0.390243902,0.536585366
1977,Boston?Celtics,24,17,8,33,0.585365854,0.195121951,0.390243902
1978,Boston?Celtics,21,20,8,33,0.512195122,0.195121951,0.353658537
1979,Boston?Celtics,35,6,26,15,0.853658537,0.634146341,0.743902439
1980,Boston?Celtics,35,6,27,14,0.853658537,0.658536585,0.756097561
1981,Boston?Celtics,35,6,28,13,0.853658537,0.682926829,0.768292683
1982,Boston?Celtics,33,8,23,18,0.804878049,0.56097561,0.682926829
1983,Boston?Celtics,33,8,29,12,0.804878049,0.707317073,0.756097561
1984,Boston?Celtics,35,6,28,13,0.853658537,0.682926829,0.768292683
1985,Boston?Celtics,40,1,27,14,0.975609756,0.658536585,0.817073171
1986,Boston?Celtics,39,2,20,21,0.951219512,0.487804878,0.719512195
1987,Boston?Celtics,36,5,21,20,0.87804878,0.512195122,0.695121951
1988,Boston?Celtics,32,9,10,31,0.780487805,0.243902439,0.512195122
1989,Boston?Celtics,30,11,22,19,0.731707317,0.536585366,0.634146341
1990,Boston?Celtics,35,6,21,20,0.853658537,0.512195122,0.682926829
1991,Boston?Celtics,34,7,17,24,0.829268293,0.414634146,0.62195122
1992,Boston?Celtics,28,13,20,21,0.682926829,0.487804878,0.585365854
1993,Boston?Celtics,18,23,14,27,0.43902439,0.341463415,0.390243902
1994,Boston?Celtics,20,21,15,26,0.487804878,0.365853659,0.426829268
1995,Boston?Celtics,18,23,15,26,0.43902439,0.365853659,0.402439024
1996,Boston?Celtics,11,30,4,37,0.268292683,0.097560976,0.182926829
1997,Boston?Celtics,24,17,12,29,0.585365854,0.292682927,0.43902439
1998,Boston?Celtics,10,15,9,16,0.4,0.36,0.38
1999,Boston?Celtics,26,15,9,32,0.634146341,0.219512195,0.426829268
2000,Boston?Celtics,20,21,16,25,0.487804878,0.390243902,0.43902439
2001,Boston?Celtics,27,14,22,19,0.658536585,0.536585366,0.597560976
2002,Boston?Celtics,25,16,19,22,0.609756098,0.463414634,0.536585366
2003,Boston?Celtics,19,22,17,24,0.463414634,0.414634146,0.43902439
2004,Boston?Celtics,27,14,18,23,0.658536585,0.43902439,0.548780488
2005,Boston?Celtics,21,20,12,29,0.512195122,0.292682927,0.402439024
2006,Boston?Celtics,12,29,12,29,0.292682927,0.292682927,0.292682927
2007,Boston?Celtics,35,6,31,10,0.853658537,0.756097561,0.804878049
2008,Boston?Celtics,35,6,27,14,0.853658537,0.658536585,0.756097561
2009,Boston?Celtics,24,17,26,15,0.585365854,0.634146341,0.609756098
2010,Boston?Celtics,33,8,23,18,0.804878049,0.56097561,0.682926829
1970,Buffalo?Braves,14,23,6,30,0.378378378,0.166666667,0.268292683
1971,Buffalo?Braves,13,27,8,31,0.325,0.205128205,0.268292683
1972,Buffalo?Braves,14,27,6,31,0.341463415,0.162162162,0.256097561
1973,Buffalo?Braves,19,13,17,21,0.59375,0.447368421,0.512195122
1974,Buffalo?Braves,30,11,19,22,0.731707317,0.463414634,0.597560976
1975,Buffalo?Braves,28,13,18,23,0.682926829,0.43902439,0.56097561
1976,Buffalo?Braves,23,18,7,34,0.56097561,0.170731707,0.365853659
1977,Buffalo?Braves,20,21,7,34,0.487804878,0.170731707,0.329268293
1973,Capitol?Bullets,31,10,15,25,0.756097561,0.375,0.573170732
2004,Charlotte?Bobcats,14,27,4,37,0.341463415,0.097560976,0.219512195
2005,Charlotte?Bobcats,17,24,9,32,0.414634146,0.219512195,0.317073171
2006,Charlotte?Bobcats,20,21,13,28,0.487804878,0.317073171,0.402439024
2007,Charlotte?Bobcats,21,20,11,30,0.512195122,0.268292683,0.390243902
2008,Charlotte?Bobcats,23,18,12,29,0.56097561,0.292682927,0.426829268
2009,Charlotte?Bobcats,31,10,13,28,0.756097561,0.317073171,0.536585366
2010,Charlotte?Bobcats,21,20,13,28,0.512195122,0.317073171,0.414634146
1988,Charlotte?Hornets,12,29,8,33,0.292682927,0.195121951,0.243902439
1989,Charlotte?Hornets,13,28,6,35,0.317073171,0.146341463,0.231707317
1990,Charlotte?Hornets,17,24,9,32,0.414634146,0.219512195,0.317073171
1991,Charlotte?Hornets,22,19,9,32,0.536585366,0.219512195,0.37804878
1992,Charlotte?Hornets,22,19,22,19,0.536585366,0.536585366,0.536585366
1993,Charlotte?Hornets,28,13,13,28,0.682926829,0.317073171,0.5
1994,Charlotte?Hornets,29,12,21,20,0.707317073,0.512195122,0.609756098
1995,Charlotte?Hornets,25,16,16,25,0.609756098,0.390243902,0.5
1996,Charlotte?Hornets,30,11,24,17,0.731707317,0.585365854,0.658536585
1997,Charlotte?Hornets,32,9,19,22,0.780487805,0.463414634,0.62195122
1998,Charlotte?Hornets,16,9,10,15,0.64,0.4,0.52
1999,Charlotte?Hornets,30,11,19,22,0.731707317,0.463414634,0.597560976
2000,Charlotte?Hornets,28,13,18,23,0.682926829,0.43902439,0.56097561
2001,Charlotte?Hornets,21,20,23,18,0.512195122,0.56097561,0.536585366
1966,Chicago?Bulls,17,19,9,17,0.472222222,0.346153846,0.407407407
1967,Chicago?Bulls,11,22,12,23,0.333333333,0.342857143,0.353658537
1968,Chicago?Bulls,19,21,12,25,0.475,0.324324324,0.402439024
1969,Chicago?Bulls,23,10,9,25,0.696969697,0.264705882,0.475609756
1970,Chicago?Bulls,30,11,17,19,0.731707317,0.472222222,0.62195122
1971,Chicago?Bulls,29,12,26,12,0.707317073,0.684210526,0.695121951
1972,Chicago?Bulls,29,12,20,19,0.707317073,0.512820513,0.62195122
1973,Chicago?Bulls,32,9,21,19,0.780487805,0.525,0.658536585
1974,Chicago?Bulls,29,12,18,23,0.707317073,0.43902439,0.573170732
1975,Chicago?Bulls,15,26,9,32,0.365853659,0.219512195,0.292682927
1976,Chicago?Bulls,31,10,13,28,0.756097561,0.317073171,0.536585366
1977,Chicago?Bulls,29,12,11,30,0.707317073,0.268292683,0.487804878
1978,Chicago?Bulls,19,22,12,29,0.463414634,0.292682927,0.37804878
1979,Chicago?Bulls,21,20,9,32,0.512195122,0.219512195,0.365853659
1980,Chicago?Bulls,26,15,19,22,0.634146341,0.463414634,0.548780488
1981,Chicago?Bulls,22,19,12,29,0.536585366,0.292682927,0.414634146
1982,Chicago?Bulls,18,23,10,31,0.43902439,0.243902439,0.341463415
1983,Chicago?Bulls,18,23,9,32,0.43902439,0.219512195,0.329268293
1984,Chicago?Bulls,26,15,12,29,0.634146341,0.292682927,0.463414634
1985,Chicago?Bulls,22,19,8,33,0.536585366,0.195121951,0.365853659
1986,Chicago?Bulls,29,12,11,30,0.707317073,0.268292683,0.487804878
1987,Chicago?Bulls,30,11,20,21,0.731707317,0.487804878,0.609756098
1988,Chicago?Bulls,30,11,17,24,0.731707317,0.414634146,0.573170732
1989,Chicago?Bulls,36,5,19,22,0.87804878,0.463414634,0.670731707
1990,Chicago?Bulls,35,6,26,15,0.853658537,0.634146341,0.743902439
1991,Chicago?Bulls,36,5,31,10,0.87804878,0.756097561,0.817073171
1992,Chicago?Bulls,31,10,26,15,0.756097561,0.634146341,0.695121951
1993,Chicago?Bulls,31,10,24,17,0.756097561,0.585365854,0.670731707
1994,Chicago?Bulls,28,13,19,22,0.682926829,0.463414634,0.573170732
1995,Chicago?Bulls,39,2,33,8,0.951219512,0.804878049,0.87804878
1996,Chicago?Bulls,39,2,30,11,0.951219512,0.731707317,0.841463415
1997,Chicago?Bulls,37,4,25,16,0.902439024,0.609756098,0.756097561
1998,Chicago?Bulls,8,17,5,20,0.32,0.2,0.26
1999,Chicago?Bulls,12,29,5,36,0.292682927,0.12195122,0.207317073
2000,Chicago?Bulls,10,31,5,36,0.243902439,0.12195122,0.182926829
2001,Chicago?Bulls,14,27,7,34,0.341463415,0.170731707,0.256097561
2002,Chicago?Bulls,27,14,3,38,0.658536585,0.073170732,0.365853659
2003,Chicago?Bulls,14,27,9,32,0.341463415,0.219512195,0.280487805
2004,Chicago?Bulls,27,14,20,21,0.658536585,0.487804878,0.573170732
2005,Chicago?Bulls,21,20,20,21,0.512195122,0.487804878,0.5
2006,Chicago?Bulls,31,10,18,23,0.756097561,0.43902439,0.597560976
2007,Chicago?Bulls,20,21,13,28,0.487804878,0.317073171,0.402439024
2008,Chicago?Bulls,28,13,13,28,0.682926829,0.317073171,0.5
2009,Chicago?Bulls,24,17,17,24,0.585365854,0.414634146,0.5
2010,Chicago?Bulls,36,5,26,15,0.87804878,0.634146341,0.756097561
1961,Chicago?Packers,9,19,3,20,0.321428571,0.130434783,0.225
1962,Chicago?Zephyrs,17,17,3,23,0.5,0.115384615,0.3125
1957,Cincinnati?Royals,17,12,10,19,0.586206897,0.344827586,0.458333333
1958,Cincinnati?Royals,9,19,2,25,0.321428571,0.074074074,0.263888889
1959,Cincinnati?Royals,9,22,2,20,0.290322581,0.090909091,0.253333333
1960,Cincinnati?Royals,18,13,8,19,0.580645161,0.296296296,0.417721519
1961,Cincinnati?Royals,18,13,14,16,0.580645161,0.466666667,0.5375
1962,Cincinnati?Royals,23,10,15,19,0.696969697,0.441176471,0.525
1963,Cincinnati?Royals,26,7,18,18,0.787878788,0.5,0.6875
1964,Cincinnati?Royals,25,7,17,21,0.78125,0.447368421,0.6
1965,Cincinnati?Royals,25,6,11,23,0.806451613,0.323529412,0.5625
1966,Cincinnati?Royals,20,11,12,24,0.64516129,0.333333333,0.481481481
1967,Cincinnati?Royals,18,12,13,23,0.6,0.361111111,0.475609756
1968,Cincinnati?Royals,15,13,16,21,0.535714286,0.432432432,0.5
1969,Cincinnati?Royals,19,13,14,25,0.59375,0.358974359,0.43902439
1970,Cincinnati?Royals,17,16,11,28,0.515151515,0.282051282,0.402439024
1971,Cincinnati?Royals,20,18,8,32,0.526315789,0.2,0.365853659
1970,Cleveland?Cavaliers,11,30,2,37,0.268292683,0.051282051,0.182926829
1971,Cleveland?Cavaliers,13,28,8,30,0.317073171,0.210526316,0.280487805
1972,Cleveland?Cavaliers,20,21,10,27,0.487804878,0.27027027,0.390243902
1973,Cleveland?Cavaliers,18,23,11,28,0.43902439,0.282051282,0.353658537
1974,Cleveland?Cavaliers,29,12,11,30,0.707317073,0.268292683,0.487804878
1975,Cleveland?Cavaliers,29,12,20,21,0.707317073,0.487804878,0.597560976
1976,Cleveland?Cavaliers,29,12,14,27,0.707317073,0.341463415,0.524390244
1977,Cleveland?Cavaliers,27,14,16,25,0.658536585,0.390243902,0.524390244
1978,Cleveland?Cavaliers,20,21,10,31,0.487804878,0.243902439,0.365853659
1979,Cleveland?Cavaliers,28,13,9,32,0.682926829,0.219512195,0.451219512
1980,Cleveland?Cavaliers,20,21,8,33,0.487804878,0.195121951,0.341463415
1981,Cleveland?Cavaliers,9,32,6,35,0.219512195,0.146341463,0.182926829
1982,Cleveland?Cavaliers,15,26,8,33,0.365853659,0.195121951,0.280487805
1983,Cleveland?Cavaliers,23,18,5,36,0.56097561,0.12195122,0.341463415
1984,Cleveland?Cavaliers,20,21,16,25,0.487804878,0.390243902,0.43902439
1985,Cleveland?Cavaliers,16,25,13,28,0.390243902,0.317073171,0.353658537
1986,Cleveland?Cavaliers,25,16,6,35,0.609756098,0.146341463,0.37804878
1987,Cleveland?Cavaliers,31,10,11,30,0.756097561,0.268292683,0.512195122
1988,Cleveland?Cavaliers,37,4,20,21,0.902439024,0.487804878,0.695121951
1989,Cleveland?Cavaliers,27,14,15,26,0.658536585,0.365853659,0.512195122
1990,Cleveland?Cavaliers,23,18,10,31,0.56097561,0.243902439,0.402439024
1991,Cleveland?Cavaliers,35,6,22,19,0.853658537,0.536585366,0.695121951
1992,Cleveland?Cavaliers,35,6,19,22,0.853658537,0.463414634,0.658536585
1993,Cleveland?Cavaliers,31,10,16,25,0.756097561,0.390243902,0.573170732
1994,Cleveland?Cavaliers,26,15,17,24,0.634146341,0.414634146,0.524390244
1995,Cleveland?Cavaliers,26,15,21,20,0.634146341,0.512195122,0.573170732
1996,Cleveland?Cavaliers,25,16,17,24,0.609756098,0.414634146,0.512195122
1997,Cleveland?Cavaliers,27,14,20,21,0.658536585,0.487804878,0.573170732
1998,Cleveland?Cavaliers,15,10,7,18,0.6,0.28,0.44
1999,Cleveland?Cavaliers,22,19,10,31,0.536585366,0.243902439,0.390243902
2000,Cleveland?Cavaliers,20,21,10,31,0.487804878,0.243902439,0.365853659
2001,Cleveland?Cavaliers,20,21,9,32,0.487804878,0.219512195,0.353658537
2002,Cleveland?Cavaliers,14,27,3,38,0.341463415,0.073170732,0.207317073
2003,Cleveland?Cavaliers,23,18,12,29,0.56097561,0.292682927,0.426829268
2004,Cleveland?Cavaliers,29,12,13,28,0.707317073,0.317073171,0.512195122
2005,Cleveland?Cavaliers,31,10,19,22,0.756097561,0.463414634,0.609756098
2006,Cleveland?Cavaliers,30,11,20,21,0.731707317,0.487804878,0.609756098
2007,Cleveland?Cavaliers,27,14,18,23,0.658536585,0.43902439,0.548780488
2008,Cleveland?Cavaliers,39,2,27,14,0.951219512,0.658536585,0.804878049
2009,Cleveland?Cavaliers,35,6,26,15,0.853658537,0.634146341,0.743902439
2010,Cleveland?Cavaliers,12,29,7,34,0.292682927,0.170731707,0.231707317
1980,Dallas?Mavericks,11,30,4,37,0.268292683,0.097560976,0.182926829
1981,Dallas?Mavericks,16,25,12,29,0.390243902,0.292682927,0.341463415
1982,Dallas?Mavericks,23,18,15,26,0.56097561,0.365853659,0.463414634
1983,Dallas?Mavericks,31,10,12,29,0.756097561,0.292682927,0.524390244
1984,Dallas?Mavericks,24,17,20,21,0.585365854,0.487804878,0.536585366
1985,Dallas?Mavericks,26,15,18,23,0.634146341,0.43902439,0.536585366
1986,Dallas?Mavericks,35,6,20,21,0.853658537,0.487804878,0.670731707
1987,Dallas?Mavericks,33,8,20,21,0.804878049,0.487804878,0.646341463
1988,Dallas?Mavericks,24,17,14,27,0.585365854,0.341463415,0.463414634
1989,Dallas?Mavericks,30,11,17,24,0.731707317,0.414634146,0.573170732
1990,Dallas?Mavericks,20,21,8,33,0.487804878,0.195121951,0.341463415
1991,Dallas?Mavericks,15,26,7,34,0.365853659,0.170731707,0.268292683
1992,Dallas?Mavericks,7,34,4,37,0.170731707,0.097560976,0.134146341
1993,Dallas?Mavericks,6,35,7,34,0.146341463,0.170731707,0.158536585
1994,Dallas?Mavericks,19,22,17,24,0.463414634,0.414634146,0.43902439
1995,Dallas?Mavericks,16,25,10,31,0.390243902,0.243902439,0.317073171
1996,Dallas?Mavericks,14,27,10,31,0.341463415,0.243902439,0.292682927
1997,Dallas?Mavericks,13,28,7,34,0.317073171,0.170731707,0.243902439
1998,Dallas?Mavericks,15,10,4,21,0.6,0.16,0.38
1999,Dallas?Mavericks,22,19,18,23,0.536585366,0.43902439,0.487804878
2000,Dallas?Mavericks,28,13,25,16,0.682926829,0.609756098,0.646341463
2001,Dallas?Mavericks,30,11,27,14,0.731707317,0.658536585,0.695121951
2002,Dallas?Mavericks,33,8,27,14,0.804878049,0.658536585,0.731707317
2003,Dallas?Mavericks,36,5,16,25,0.87804878,0.390243902,0.634146341
2004,Dallas?Mavericks,29,12,29,12,0.707317073,0.707317073,0.707317073
2005,Dallas?Mavericks,34,7,26,15,0.829268293,0.634146341,0.731707317
2006,Dallas?Mavericks,36,5,31,10,0.87804878,0.756097561,0.817073171
2007,Dallas?Mavericks,34,7,17,24,0.829268293,0.414634146,0.62195122
2008,Dallas?Mavericks,32,9,18,23,0.780487805,0.43902439,0.609756098
2009,Dallas?Mavericks,28,13,27,14,0.682926829,0.658536585,0.670731707
2010,Dallas?Mavericks,29,12,28,13,0.707317073,0.682926829,0.695121951
1976,Denver?Nuggets,36,5,14,27,0.87804878,0.341463415,0.609756098
1977,Denver?Nuggets,33,8,15,26,0.804878049,0.365853659,0.585365854
1978,Denver?Nuggets,29,12,18,23,0.707317073,0.43902439,0.573170732
1979,Denver?Nuggets,24,17,6,35,0.585365854,0.146341463,0.365853659
1980,Denver?Nuggets,23,18,14,27,0.56097561,0.341463415,0.451219512
1981,Denver?Nuggets,29,12,17,24,0.707317073,0.414634146,0.56097561
1982,Denver?Nuggets,29,12,16,25,0.707317073,0.390243902,0.548780488
1983,Denver?Nuggets,27,14,11,30,0.658536585,0.268292683,0.463414634
1984,Denver?Nuggets,34,7,18,23,0.829268293,0.43902439,0.634146341
1985,Denver?Nuggets,34,7,13,28,0.829268293,0.317073171,0.573170732
1986,Denver?Nuggets,27,14,10,31,0.658536585,0.243902439,0.451219512
1987,Denver?Nuggets,35,6,19,22,0.853658537,0.463414634,0.658536585
1988,Denver?Nuggets,35,6,9,32,0.853658537,0.219512195,0.536585366
1989,Denver?Nuggets,28,13,15,26,0.682926829,0.365853659,0.524390244
1990,Denver?Nuggets,17,24,3,38,0.414634146,0.073170732,0.243902439
1991,Denver?Nuggets,18,23,6,35,0.43902439,0.146341463,0.292682927
1992,Denver?Nuggets,28,13,8,33,0.682926829,0.195121951,0.43902439
1993,Denver?Nuggets,28,13,14,27,0.682926829,0.341463415,0.512195122
1994,Denver?Nuggets,23,18,18,23,0.56097561,0.43902439,0.5
1995,Denver?Nuggets,24,17,11,30,0.585365854,0.268292683,0.426829268
1996,Denver?Nuggets,12,29,9,32,0.292682927,0.219512195,0.256097561
1997,Denver?Nuggets,9,32,2,39,0.219512195,0.048780488,0.134146341
1998,Denver?Nuggets,12,13,2,23,0.48,0.08,0.28
1999,Denver?Nuggets,25,16,10,31,0.609756098,0.243902439,0.426829268
2000,Denver?Nuggets,29,12,11,30,0.707317073,0.268292683,0.487804878
2001,Denver?Nuggets,20,21,7,34,0.487804878,0.170731707,0.329268293
2002,Denver?Nuggets,13,28,4,37,0.317073171,0.097560976,0.207317073
2003,Denver?Nuggets,29,12,14,27,0.707317073,0.341463415,0.524390244
2004,Denver?Nuggets,31,10,18,23,0.756097561,0.43902439,0.597560976
2005,Denver?Nuggets,26,15,18,23,0.634146341,0.43902439,0.536585366
2006,Denver?Nuggets,23,18,22,19,0.56097561,0.536585366,0.548780488
2007,Denver?Nuggets,33,8,17,24,0.804878049,0.414634146,0.609756098
2008,Denver?Nuggets,33,8,21,20,0.804878049,0.512195122,0.658536585
2009,Denver?Nuggets,34,7,19,22,0.829268293,0.463414634,0.646341463
2010,Denver?Nuggets,33,8,17,24,0.804878049,0.414634146,0.609756098
1957,Detroit?Pistons,14,14,13,18,0.5,0.419354839,0.458333333
1958,Detroit?Pistons,13,17,8,20,0.433333333,0.285714286,0.388888889
1959,Detroit?Pistons,17,14,6,21,0.548387097,0.222222222,0.4
1960,Detroit?Pistons,20,11,3,19,0.64516129,0.136363636,0.430379747
1961,Detroit?Pistons,16,14,8,17,0.533333333,0.32,0.4625
1962,Detroit?Pistons,14,16,8,19,0.466666667,0.296296296,0.425
1963,Detroit?Pistons,9,21,6,25,0.3,0.193548387,0.2875
1964,Detroit?Pistons,13,17,11,20,0.433333333,0.35483871,0.3875
1965,Detroit?Pistons,13,17,4,22,0.433333333,0.153846154,0.275
1966,Detroit?Pistons,12,18,9,19,0.4,0.321428571,0.37037037
1967,Detroit?Pistons,21,11,12,23,0.65625,0.342857143,0.487804878
1968,Detroit?Pistons,21,17,7,30,0.552631579,0.189189189,0.390243902
1969,Detroit?Pistons,18,20,10,25,0.473684211,0.285714286,0.37804878
1970,Detroit?Pistons,24,17,20,19,0.585365854,0.512820513,0.548780488
1971,Detroit?Pistons,16,25,9,30,0.390243902,0.230769231,0.317073171
1972,Detroit?Pistons,26,15,13,25,0.634146341,0.342105263,0.487804878
1973,Detroit?Pistons,29,12,23,17,0.707317073,0.575,0.634146341
1974,Detroit?Pistons,26,15,14,27,0.634146341,0.341463415,0.487804878
1975,Detroit?Pistons,24,17,12,29,0.585365854,0.292682927,0.43902439
1976,Detroit?Pistons,30,11,14,27,0.731707317,0.341463415,0.536585366
1977,Detroit?Pistons,24,17,14,27,0.585365854,0.341463415,0.463414634
1978,Detroit?Pistons,22,19,8,33,0.536585366,0.195121951,0.365853659
1979,Detroit?Pistons,13,28,3,38,0.317073171,0.073170732,0.195121951
1980,Detroit?Pistons,14,27,7,34,0.341463415,0.170731707,0.256097561
1981,Detroit?Pistons,23,18,16,25,0.56097561,0.390243902,0.475609756
1982,Detroit?Pistons,23,18,14,27,0.56097561,0.341463415,0.451219512
1983,Detroit?Pistons,30,11,19,22,0.731707317,0.463414634,0.597560976
1984,Detroit?Pistons,26,15,20,21,0.634146341,0.487804878,0.56097561
1985,Detroit?Pistons,31,10,15,26,0.756097561,0.365853659,0.56097561
1986,Detroit?Pistons,32,9,20,21,0.780487805,0.487804878,0.634146341
1987,Detroit?Pistons,34,7,20,21,0.829268293,0.487804878,0.658536585
1988,Detroit?Pistons,37,4,26,15,0.902439024,0.634146341,0.768292683
1989,Detroit?Pistons,35,6,24,17,0.853658537,0.585365854,0.719512195
1990,Detroit?Pistons,32,9,18,23,0.780487805,0.43902439,0.609756098
1991,Detroit?Pistons,25,16,23,18,0.609756098,0.56097561,0.585365854
1992,Detroit?Pistons,28,13,12,29,0.682926829,0.292682927,0.487804878
1993,Detroit?Pistons,10,31,10,31,0.243902439,0.243902439,0.243902439
1994,Detroit?Pistons,22,19,6,35,0.536585366,0.146341463,0.341463415
1995,Detroit?Pistons,30,11,16,25,0.731707317,0.390243902,0.56097561
1996,Detroit?Pistons,30,11,24,17,0.731707317,0.585365854,0.658536585
1997,Detroit?Pistons,25,16,12,29,0.609756098,0.292682927,0.451219512
1998,Detroit?Pistons,17,8,12,13,0.68,0.48,0.58
1999,Detroit?Pistons,27,14,15,26,0.658536585,0.365853659,0.512195122
2000,Detroit?Pistons,18,23,14,27,0.43902439,0.341463415,0.390243902
2001,Detroit?Pistons,26,15,24,17,0.634146341,0.585365854,0.609756098
2002,Detroit?Pistons,30,11,20,21,0.731707317,0.487804878,0.609756098
2003,Detroit?Pistons,31,10,23,18,0.756097561,0.56097561,0.658536585
2004,Detroit?Pistons,32,9,22,19,0.780487805,0.536585366,0.658536585
2005,Detroit?Pistons,37,4,27,14,0.902439024,0.658536585,0.780487805
2006,Detroit?Pistons,26,15,27,14,0.634146341,0.658536585,0.646341463
2007,Detroit?Pistons,34,7,25,16,0.829268293,0.609756098,0.719512195
2008,Detroit?Pistons,21,20,18,23,0.512195122,0.43902439,0.475609756
2009,Detroit?Pistons,17,24,10,31,0.414634146,0.243902439,0.329268293
2010,Detroit?Pistons,21,20,9,32,0.512195122,0.219512195,0.365853659
1971,GoldenState?Warriors,27,8,21,20,0.771428571,0.512195122,0.62195122
1972,GoldenState?Warriors,27,14,18,20,0.658536585,0.473684211,0.573170732
1973,GoldenState?Warriors,23,18,20,20,0.56097561,0.5,0.536585366
1974,GoldenState?Warriors,31,10,17,24,0.756097561,0.414634146,0.585365854
1975,GoldenState?Warriors,36,5,23,18,0.87804878,0.56097561,0.719512195
1976,GoldenState?Warriors,29,12,17,24,0.707317073,0.414634146,0.56097561
1977,GoldenState?Warriors,30,11,13,28,0.731707317,0.317073171,0.524390244
1978,GoldenState?Warriors,23,18,15,26,0.56097561,0.365853659,0.463414634
1979,GoldenState?Warriors,15,26,9,32,0.365853659,0.219512195,0.292682927
1980,GoldenState?Warriors,26,15,13,28,0.634146341,0.317073171,0.475609756
1981,GoldenState?Warriors,28,13,17,24,0.682926829,0.414634146,0.548780488
1982,GoldenState?Warriors,21,20,9,32,0.512195122,0.219512195,0.365853659
1983,GoldenState?Warriors,27,14,10,31,0.658536585,0.243902439,0.451219512
1984,GoldenState?Warriors,17,24,5,36,0.414634146,0.12195122,0.268292683
1985,GoldenState?Warriors,24,17,6,35,0.585365854,0.146341463,0.365853659
1986,GoldenState?Warriors,25,16,17,24,0.609756098,0.414634146,0.512195122
1987,GoldenState?Warriors,16,25,4,37,0.390243902,0.097560976,0.243902439
1988,GoldenState?Warriors,29,12,14,27,0.707317073,0.341463415,0.524390244
1989,GoldenState?Warriors,27,14,10,31,0.658536585,0.243902439,0.451219512
1990,GoldenState?Warriors,30,11,14,27,0.731707317,0.341463415,0.536585366
1991,GoldenState?Warriors,31,10,24,17,0.756097561,0.585365854,0.670731707
1992,GoldenState?Warriors,19,22,15,26,0.463414634,0.365853659,0.414634146
1993,GoldenState?Warriors,29,12,21,20,0.707317073,0.512195122,0.609756098
1994,GoldenState?Warriors,15,26,11,30,0.365853659,0.268292683,0.317073171
1995,GoldenState?Warriors,23,18,13,28,0.56097561,0.317073171,0.43902439
1996,GoldenState?Warriors,18,23,12,29,0.43902439,0.292682927,0.365853659
1997,GoldenState?Warriors,12,29,7,34,0.292682927,0.170731707,0.231707317
1998,GoldenState?Warriors,13,12,8,17,0.52,0.32,0.42
1999,GoldenState?Warriors,12,29,7,34,0.292682927,0.170731707,0.231707317
2000,GoldenState?Warriors,11,30,6,35,0.268292683,0.146341463,0.207317073
2001,GoldenState?Warriors,14,27,7,34,0.341463415,0.170731707,0.256097561
2002,GoldenState?Warriors,24,17,14,27,0.585365854,0.341463415,0.463414634
2003,GoldenState?Warriors,27,14,10,31,0.658536585,0.243902439,0.451219512
2004,GoldenState?Warriors,20,21,14,27,0.487804878,0.341463415,0.414634146
2005,GoldenState?Warriors,21,20,13,28,0.512195122,0.317073171,0.414634146
2006,GoldenState?Warriors,30,11,12,29,0.731707317,0.292682927,0.512195122
2007,GoldenState?Warriors,27,14,21,20,0.658536585,0.512195122,0.585365854
2008,GoldenState?Warriors,21,20,8,33,0.512195122,0.195121951,0.353658537
2009,GoldenState?Warriors,18,23,8,33,0.43902439,0.195121951,0.317073171
2010,GoldenState?Warriors,26,15,10,31,0.634146341,0.243902439,0.43902439
1971,Houston?Rockets,15,20,14,23,0.428571429,0.378378378,0.414634146
1972,Houston?Rockets,14,14,10,28,0.5,0.263157895,0.402439024
1973,Houston?Rockets,18,23,13,25,0.43902439,0.342105263,0.390243902
1974,Houston?Rockets,29,12,12,29,0.707317073,0.292682927,0.5
1975,Houston?Rockets,28,13,12,29,0.682926829,0.292682927,0.487804878
1976,Houston?Rockets,34,7,15,26,0.829268293,0.365853659,0.597560976
1977,Houston?Rockets,21,20,7,34,0.512195122,0.170731707,0.341463415
1978,Houston?Rockets,30,11,17,24,0.731707317,0.414634146,0.573170732
1979,Houston?Rockets,29,12,12,29,0.707317073,0.292682927,0.5
1980,Houston?Rockets,25,16,15,26,0.609756098,0.365853659,0.487804878
1981,Houston?Rockets,25,16,21,20,0.609756098,0.512195122,0.56097561
1982,Houston?Rockets,9,32,5,36,0.219512195,0.12195122,0.170731707
1983,Houston?Rockets,21,20,8,33,0.512195122,0.195121951,0.353658537
1984,Houston?Rockets,29,12,19,22,0.707317073,0.463414634,0.585365854
1985,Houston?Rockets,36,5,15,26,0.87804878,0.365853659,0.62195122
1986,Houston?Rockets,25,16,17,24,0.609756098,0.414634146,0.512195122
1987,Houston?Rockets,31,10,15,26,0.756097561,0.365853659,0.56097561
1988,Houston?Rockets,31,10,14,27,0.756097561,0.341463415,0.548780488
1989,Houston?Rockets,31,10,10,31,0.756097561,0.243902439,0.5
1990,Houston?Rockets,31,10,21,20,0.756097561,0.512195122,0.634146341
1991,Houston?Rockets,28,13,14,27,0.682926829,0.341463415,0.512195122
1992,Houston?Rockets,31,10,24,17,0.756097561,0.585365854,0.670731707
1993,Houston?Rockets,35,6,23,18,0.853658537,0.56097561,0.707317073
1994,Houston?Rockets,25,16,22,19,0.609756098,0.536585366,0.573170732
1995,Houston?Rockets,27,14,21,20,0.658536585,0.512195122,0.585365854
1996,Houston?Rockets,30,11,27,14,0.731707317,0.658536585,0.695121951
1997,Houston?Rockets,24,17,17,24,0.585365854,0.414634146,0.5
1998,Houston?Rockets,19,6,12,13,0.76,0.48,0.62
1999,Houston?Rockets,22,19,12,29,0.536585366,0.292682927,0.414634146
2000,Houston?Rockets,24,17,21,20,0.585365854,0.512195122,0.548780488
2001,Houston?Rockets,18,23,10,31,0.43902439,0.243902439,0.341463415
2002,Houston?Rockets,28,13,15,26,0.682926829,0.365853659,0.524390244
2003,Houston?Rockets,27,14,18,23,0.658536585,0.43902439,0.548780488
2004,Houston?Rockets,26,15,25,16,0.634146341,0.609756098,0.62195122
2005,Houston?Rockets,15,26,19,22,0.365853659,0.463414634,0.414634146
2006,Houston?Rockets,28,13,24,17,0.682926829,0.585365854,0.634146341
2007,Houston?Rockets,31,10,24,17,0.756097561,0.585365854,0.670731707
2008,Houston?Rockets,33,8,20,21,0.804878049,0.487804878,0.646341463
2009,Houston?Rockets,23,18,19,22,0.56097561,0.463414634,0.512195122
2010,Houston?Rockets,25,16,18,23,0.609756098,0.43902439,0.524390244
1976,Indiana?Pacers,25,16,11,30,0.609756098,0.268292683,0.43902439
1977,Indiana?Pacers,21,20,10,31,0.512195122,0.243902439,0.37804878
1978,Indiana?Pacers,25,16,13,28,0.609756098,0.317073171,0.463414634
1979,Indiana?Pacers,26,15,11,30,0.634146341,0.268292683,0.451219512
1980,Indiana?Pacers,27,14,17,24,0.658536585,0.414634146,0.536585366
1981,Indiana?Pacers,25,16,10,31,0.609756098,0.243902439,0.426829268
1982,Indiana?Pacers,14,27,6,35,0.341463415,0.146341463,0.243902439
1983,Indiana?Pacers,20,21,6,35,0.487804878,0.146341463,0.317073171
1984,Indiana?Pacers,16,25,6,35,0.390243902,0.146341463,0.268292683
1985,Indiana?Pacers,19,22,7,34,0.463414634,0.170731707,0.317073171
1986,Indiana?Pacers,28,13,13,28,0.682926829,0.317073171,0.5
1987,Indiana?Pacers,25,16,13,28,0.609756098,0.317073171,0.463414634
1988,Indiana?Pacers,20,21,8,33,0.487804878,0.195121951,0.341463415
1989,Indiana?Pacers,28,13,14,27,0.682926829,0.341463415,0.512195122
1990,Indiana?Pacers,29,12,12,29,0.707317073,0.292682927,0.5
1991,Indiana?Pacers,26,15,14,27,0.634146341,0.341463415,0.487804878
1992,Indiana?Pacers,27,14,14,27,0.658536585,0.341463415,0.5
1993,Indiana?Pacers,29,12,18,23,0.707317073,0.43902439,0.573170732
1994,Indiana?Pacers,33,8,19,22,0.804878049,0.463414634,0.634146341
1995,Indiana?Pacers,32,9,20,21,0.780487805,0.487804878,0.634146341
1996,Indiana?Pacers,21,20,18,23,0.512195122,0.43902439,0.475609756
1997,Indiana?Pacers,32,9,26,15,0.780487805,0.634146341,0.707317073
1998,Indiana?Pacers,18,7,15,10,0.72,0.6,0.66
1999,Indiana?Pacers,36,5,20,21,0.87804878,0.487804878,0.682926829
2000,Indiana?Pacers,26,15,15,26,0.634146341,0.365853659,0.5
2001,Indiana?Pacers,25,16,17,24,0.609756098,0.414634146,0.512195122
2002,Indiana?Pacers,32,9,16,25,0.780487805,0.390243902,0.585365854
2003,Indiana?Pacers,34,7,27,14,0.829268293,0.658536585,0.743902439
2004,Indiana?Pacers,25,16,19,22,0.609756098,0.463414634,0.536585366
2005,Indiana?Pacers,27,14,14,27,0.658536585,0.341463415,0.5
2006,Indiana?Pacers,22,19,13,28,0.536585366,0.317073171,0.426829268
2007,Indiana?Pacers,21,20,15,26,0.512195122,0.365853659,0.43902439
2008,Indiana?Pacers,25,16,11,30,0.609756098,0.268292683,0.43902439
2009,Indiana?Pacers,23,18,9,32,0.56097561,0.219512195,0.390243902
2010,Indiana?Pacers,24,17,13,28,0.585365854,0.317073171,0.451219512
1950,Indianapolis?Olympians,19,12,10,24,0.612903226,0.294117647,0.455882353
1951,Indianapolis?Olympians,25,6,4,24,0.806451613,0.142857143,0.515151515
1952,Indianapolis?Olympians,19,14,4,23,0.575757576,0.148148148,0.394366197
1976,KansasCity?Kings,28,13,12,29,0.682926829,0.292682927,0.487804878
1977,KansasCity?Kings,22,19,9,32,0.536585366,0.219512195,0.37804878
1978,KansasCity?Kings,32,9,16,25,0.780487805,0.390243902,0.585365854
1979,KansasCity?Kings,30,11,17,24,0.731707317,0.414634146,0.573170732
1980,KansasCity?Kings,24,17,16,25,0.585365854,0.390243902,0.487804878
1981,KansasCity?Kings,23,18,7,34,0.56097561,0.170731707,0.365853659
1982,KansasCity?Kings,30,11,15,26,0.731707317,0.365853659,0.548780488
1983,KansasCity?Kings,26,15,12,29,0.634146341,0.292682927,0.463414634
1984,KansasCity?Kings,23,18,8,33,0.56097561,0.195121951,0.37804878
1972,KansasCity-Omaha?Kings,24,17,12,29,0.585365854,0.292682927,0.43902439
1973,KansasCity-Omaha?Kings,20,21,13,28,0.487804878,0.317073171,0.402439024
1974,KansasCity-Omaha?Kings,29,12,15,26,0.707317073,0.365853659,0.536585366
1975,KansasCity-Omaha?Kings,25,16,6,35,0.609756098,0.146341463,0.37804878
1984,LosAngeles?Clippers,20,21,11,30,0.487804878,0.268292683,0.37804878
1985,LosAngeles?Clippers,22,19,10,31,0.536585366,0.243902439,0.390243902
1986,LosAngeles?Clippers,9,32,3,38,0.219512195,0.073170732,0.146341463
1987,LosAngeles?Clippers,14,27,3,38,0.341463415,0.073170732,0.207317073
1988,LosAngeles?Clippers,17,24,4,37,0.414634146,0.097560976,0.256097561
1989,LosAngeles?Clippers,20,21,10,31,0.487804878,0.243902439,0.365853659
1990,LosAngeles?Clippers,23,18,8,33,0.56097561,0.195121951,0.37804878
1991,LosAngeles?Clippers,29,12,16,25,0.707317073,0.390243902,0.548780488
1992,LosAngeles?Clippers,27,14,14,27,0.658536585,0.341463415,0.5
1993,LosAngeles?Clippers,17,24,10,31,0.414634146,0.243902439,0.329268293
1994,LosAngeles?Clippers,13,28,4,37,0.317073171,0.097560976,0.207317073
1995,LosAngeles?Clippers,19,22,10,31,0.463414634,0.243902439,0.353658537
1996,LosAngeles?Clippers,21,20,15,26,0.512195122,0.365853659,0.43902439
1997,LosAngeles?Clippers,11,30,6,35,0.268292683,0.146341463,0.207317073
1998,LosAngeles?Clippers,6,19,3,22,0.24,0.12,0.18
1999,LosAngeles?Clippers,10,31,5,36,0.243902439,0.12195122,0.182926829
2000,LosAngeles?Clippers,22,19,9,32,0.536585366,0.219512195,0.37804878
2001,LosAngeles?Clippers,25,16,14,27,0.609756098,0.341463415,0.475609756
2002,LosAngeles?Clippers,16,25,11,30,0.390243902,0.268292683,0.329268293
2003,LosAngeles?Clippers,18,23,10,31,0.43902439,0.243902439,0.341463415
2004,LosAngeles?Clippers,27,14,10,31,0.658536585,0.243902439,0.451219512
2005,LosAngeles?Clippers,27,14,20,21,0.658536585,0.487804878,0.573170732
2006,LosAngeles?Clippers,25,16,15,26,0.609756098,0.365853659,0.487804878
2007,LosAngeles?Clippers,13,28,10,31,0.317073171,0.243902439,0.280487805
2008,LosAngeles?Clippers,11,30,8,33,0.268292683,0.195121951,0.231707317
2009,LosAngeles?Clippers,21,20,8,33,0.512195122,0.195121951,0.353658537
2010,LosAngeles?Clippers,23,18,9,32,0.56097561,0.219512195,0.390243902
1960,LosAngeles?Lakers,16,12,6,20,0.571428571,0.230769231,0.455696203
1961,LosAngeles?Lakers,26,5,18,13,0.838709677,0.580645161,0.675
1962,LosAngeles?Lakers,27,7,20,17,0.794117647,0.540540541,0.6625
1963,LosAngeles?Lakers,24,12,15,21,0.666666667,0.416666667,0.525
1964,LosAngeles?Lakers,25,13,21,16,0.657894737,0.567567568,0.6125
1965,LosAngeles?Lakers,28,11,13,21,0.717948718,0.382352941,0.5625
1966,LosAngeles?Lakers,21,18,12,20,0.538461538,0.375,0.444444444
1967,LosAngeles?Lakers,30,11,18,19,0.731707317,0.486486486,0.634146341
1968,LosAngeles?Lakers,32,9,21,18,0.780487805,0.538461538,0.670731707
1969,LosAngeles?Lakers,27,14,17,21,0.658536585,0.447368421,0.56097561
1970,LosAngeles?Lakers,30,11,17,22,0.731707317,0.435897436,0.585365854
1971,LosAngeles?Lakers,36,5,31,7,0.87804878,0.815789474,0.841463415
1972,LosAngeles?Lakers,30,11,28,11,0.731707317,0.717948718,0.731707317
1973,LosAngeles?Lakers,30,11,17,24,0.731707317,0.414634146,0.573170732
1974,LosAngeles?Lakers,21,20,9,32,0.512195122,0.219512195,0.365853659
1975,LosAngeles?Lakers,31,10,9,32,0.756097561,0.219512195,0.487804878
1976,LosAngeles?Lakers,37,4,16,25,0.902439024,0.390243902,0.646341463
1977,LosAngeles?Lakers,29,12,16,25,0.707317073,0.390243902,0.548780488
1978,LosAngeles?Lakers,31,10,16,25,0.756097561,0.390243902,0.573170732
1979,LosAngeles?Lakers,37,4,23,18,0.902439024,0.56097561,0.731707317
1980,LosAngeles?Lakers,30,11,24,17,0.731707317,0.585365854,0.658536585
1981,LosAngeles?Lakers,30,11,27,14,0.731707317,0.658536585,0.695121951
1982,LosAngeles?Lakers,33,8,25,16,0.804878049,0.609756098,0.707317073
1983,LosAngeles?Lakers,28,13,26,15,0.682926829,0.634146341,0.658536585
1984,LosAngeles?Lakers,36,5,26,15,0.87804878,0.634146341,0.756097561
1985,LosAngeles?Lakers,35,6,27,14,0.853658537,0.658536585,0.756097561
1986,LosAngeles?Lakers,37,4,28,13,0.902439024,0.682926829,0.792682927
1987,LosAngeles?Lakers,36,5,26,15,0.87804878,0.634146341,0.756097561
1988,LosAngeles?Lakers,35,6,22,19,0.853658537,0.536585366,0.695121951
1989,LosAngeles?Lakers,37,4,26,15,0.902439024,0.634146341,0.768292683
1990,LosAngeles?Lakers,33,8,25,16,0.804878049,0.609756098,0.707317073
1991,LosAngeles?Lakers,24,17,19,22,0.585365854,0.463414634,0.524390244
1992,LosAngeles?Lakers,20,21,19,22,0.487804878,0.463414634,0.475609756
1993,LosAngeles?Lakers,21,20,12,29,0.512195122,0.292682927,0.402439024
1994,LosAngeles?Lakers,29,12,19,22,0.707317073,0.463414634,0.585365854
1995,LosAngeles?Lakers,30,11,23,18,0.731707317,0.56097561,0.646341463
1996,LosAngeles?Lakers,31,10,25,16,0.756097561,0.609756098,0.682926829
1997,LosAngeles?Lakers,33,8,28,13,0.804878049,0.682926829,0.743902439
1998,LosAngeles?Lakers,18,7,13,12,0.72,0.52,0.62
1999,LosAngeles?Lakers,36,5,31,10,0.87804878,0.756097561,0.817073171
2000,LosAngeles?Lakers,31,10,25,16,0.756097561,0.609756098,0.682926829
2001,LosAngeles?Lakers,34,7,24,17,0.829268293,0.585365854,0.707317073
2002,LosAngeles?Lakers,31,10,19,22,0.756097561,0.463414634,0.609756098
2003,LosAngeles?Lakers,34,7,22,19,0.829268293,0.536585366,0.682926829
2004,LosAngeles?Lakers,22,19,12,29,0.536585366,0.292682927,0.414634146
2005,LosAngeles?Lakers,27,14,18,23,0.658536585,0.43902439,0.548780488
2006,LosAngeles?Lakers,25,16,17,24,0.609756098,0.414634146,0.512195122
2007,LosAngeles?Lakers,30,11,27,14,0.731707317,0.658536585,0.695121951
2008,LosAngeles?Lakers,36,5,29,12,0.87804878,0.707317073,0.792682927
2009,LosAngeles?Lakers,34,7,23,18,0.829268293,0.56097561,0.695121951
2010,LosAngeles?Lakers,30,11,27,14,0.731707317,0.658536585,0.695121951
2001,Memphis?Grizzlies,15,26,8,33,0.365853659,0.195121951,0.280487805
2002,Memphis?Grizzlies,20,21,8,33,0.487804878,0.195121951,0.341463415
2003,Memphis?Grizzlies,31,10,19,22,0.756097561,0.463414634,0.609756098
2004,Memphis?Grizzlies,26,15,19,22,0.634146341,0.463414634,0.548780488
2005,Memphis?Grizzlies,30,11,19,22,0.731707317,0.463414634,0.597560976
2006,Memphis?Grizzlies,14,27,8,33,0.341463415,0.195121951,0.268292683
2007,Memphis?Grizzlies,14,27,8,33,0.341463415,0.195121951,0.268292683
2008,Memphis?Grizzlies,16,25,8,33,0.390243902,0.195121951,0.292682927
2009,Memphis?Grizzlies,23,18,17,24,0.56097561,0.414634146,0.487804878
2010,Memphis?Grizzlies,30,11,16,25,0.731707317,0.390243902,0.56097561
1988,Miami?Heat,12,29,3,38,0.292682927,0.073170732,0.182926829
1989,Miami?Heat,11,30,7,34,0.268292683,0.170731707,0.219512195
1990,Miami?Heat,18,23,6,35,0.43902439,0.146341463,0.292682927
1991,Miami?Heat,28,13,10,31,0.682926829,0.243902439,0.463414634
1992,Miami?Heat,26,15,10,31,0.634146341,0.243902439,0.43902439
1993,Miami?Heat,22,19,20,21,0.536585366,0.487804878,0.512195122
1994,Miami?Heat,22,19,10,31,0.536585366,0.243902439,0.390243902
1995,Miami?Heat,26,15,16,25,0.634146341,0.390243902,0.512195122
1996,Miami?Heat,29,12,32,9,0.707317073,0.780487805,0.743902439
1997,Miami?Heat,30,11,25,16,0.731707317,0.609756098,0.670731707
1998,Miami?Heat,18,7,15,10,0.72,0.6,0.66
1999,Miami?Heat,33,8,19,22,0.804878049,0.463414634,0.634146341
2000,Miami?Heat,29,12,21,20,0.707317073,0.512195122,0.609756098
2001,Miami?Heat,18,23,18,23,0.43902439,0.43902439,0.43902439
2002,Miami?Heat,16,25,9,32,0.390243902,0.219512195,0.304878049
2003,Miami?Heat,29,12,13,28,0.707317073,0.317073171,0.512195122
2004,Miami?Heat,35,6,24,17,0.853658537,0.585365854,0.719512195
2005,Miami?Heat,31,10,21,20,0.756097561,0.512195122,0.634146341
2006,Miami?Heat,27,14,17,24,0.658536585,0.414634146,0.536585366
2007,Miami?Heat,9,32,6,35,0.219512195,0.146341463,0.182926829
2008,Miami?Heat,28,13,15,26,0.682926829,0.365853659,0.524390244
2009,Miami?Heat,24,17,23,18,0.585365854,0.56097561,0.573170732
2010,Miami?Heat,30,11,28,13,0.731707317,0.682926829,0.707317073
1968,Milwaukee?Bucks,15,19,8,27,0.441176471,0.228571429,0.329268293
1969,Milwaukee?Bucks,27,11,24,14,0.710526316,0.631578947,0.682926829
1970,Milwaukee?Bucks,34,2,28,13,0.944444444,0.682926829,0.804878049
1971,Milwaukee?Bucks,31,5,27,12,0.861111111,0.692307692,0.768292683
1972,Milwaukee?Bucks,33,5,25,15,0.868421053,0.625,0.731707317
1973,Milwaukee?Bucks,31,7,24,16,0.815789474,0.6,0.719512195
1974,Milwaukee?Bucks,25,16,13,28,0.609756098,0.317073171,0.463414634
1975,Milwaukee?Bucks,22,19,16,25,0.536585366,0.390243902,0.463414634
1976,Milwaukee?Bucks,24,17,6,35,0.585365854,0.146341463,0.365853659
1977,Milwaukee?Bucks,28,13,16,25,0.682926829,0.390243902,0.536585366
1978,Milwaukee?Bucks,28,13,10,31,0.682926829,0.243902439,0.463414634
1979,Milwaukee?Bucks,28,13,21,20,0.682926829,0.512195122,0.597560976
1980,Milwaukee?Bucks,34,7,26,15,0.829268293,0.634146341,0.731707317
1981,Milwaukee?Bucks,31,10,24,17,0.756097561,0.585365854,0.670731707
1982,Milwaukee?Bucks,31,10,20,21,0.756097561,0.487804878,0.62195122
1983,Milwaukee?Bucks,30,11,20,21,0.731707317,0.487804878,0.609756098
1984,Milwaukee?Bucks,36,5,23,18,0.87804878,0.56097561,0.719512195
1985,Milwaukee?Bucks,33,8,24,17,0.804878049,0.585365854,0.695121951
1986,Milwaukee?Bucks,32,9,18,23,0.780487805,0.43902439,0.609756098
1987,Milwaukee?Bucks,30,11,12,29,0.731707317,0.292682927,0.512195122
1988,Milwaukee?Bucks,31,10,18,23,0.756097561,0.43902439,0.597560976
1989,Milwaukee?Bucks,27,14,17,24,0.658536585,0.414634146,0.536585366
1990,Milwaukee?Bucks,33,8,15,26,0.804878049,0.365853659,0.585365854
1991,Milwaukee?Bucks,25,16,6,35,0.609756098,0.146341463,0.37804878
1992,Milwaukee?Bucks,18,23,10,31,0.43902439,0.243902439,0.341463415
1993,Milwaukee?Bucks,11,30,9,32,0.268292683,0.219512195,0.243902439
1994,Milwaukee?Bucks,22,19,12,29,0.536585366,0.292682927,0.414634146
1995,Milwaukee?Bucks,14,27,11,30,0.341463415,0.268292683,0.304878049
1996,Milwaukee?Bucks,20,21,13,28,0.487804878,0.317073171,0.402439024
1997,Milwaukee?Bucks,21,20,15,26,0.512195122,0.365853659,0.43902439
1998,Milwaukee?Bucks,17,8,11,14,0.68,0.44,0.56
1999,Milwaukee?Bucks,23,18,19,22,0.56097561,0.463414634,0.512195122
2000,Milwaukee?Bucks,31,10,21,20,0.756097561,0.512195122,0.634146341
2001,Milwaukee?Bucks,25,16,16,25,0.609756098,0.390243902,0.5
2002,Milwaukee?Bucks,25,16,17,24,0.609756098,0.414634146,0.512195122
2003,Milwaukee?Bucks,27,14,14,27,0.658536585,0.341463415,0.5
2004,Milwaukee?Bucks,23,18,7,34,0.56097561,0.170731707,0.365853659
2005,Milwaukee?Bucks,25,16,15,26,0.609756098,0.365853659,0.487804878
2006,Milwaukee?Bucks,18,23,10,31,0.43902439,0.243902439,0.341463415
2007,Milwaukee?Bucks,19,22,7,34,0.463414634,0.170731707,0.317073171
2008,Milwaukee?Bucks,22,19,12,29,0.536585366,0.292682927,0.414634146
2009,Milwaukee?Bucks,28,13,18,23,0.682926829,0.43902439,0.56097561
2010,Milwaukee?Bucks,22,19,13,28,0.536585366,0.317073171,0.426829268
1951,Milwaukee?Hawks,7,13,3,22,0.35,0.12,0.257575758
1952,Milwaukee?Hawks,14,8,4,24,0.636363636,0.142857143,0.38028169
1953,Milwaukee?Hawks,10,14,6,17,0.416666667,0.260869565,0.291666667
1954,Milwaukee?Hawks,6,11,9,16,0.352941176,0.36,0.361111111
1950,Minneapolis?Lakers,29,3,12,21,0.90625,0.363636364,0.647058824
1951,Minneapolis?Lakers,21,5,13,19,0.807692308,0.40625,0.606060606
1952,Minneapolis?Lakers,24,2,16,15,0.923076923,0.516129032,0.685714286
1953,Minneapolis?Lakers,21,4,13,15,0.84,0.464285714,0.638888889
1954,Minneapolis?Lakers,18,6,10,14,0.75,0.416666667,0.555555556
1955,Minneapolis?Lakers,13,12,6,21,0.52,0.222222222,0.458333333
1956,Minneapolis?Lakers,18,13,9,22,0.580645161,0.290322581,0.472222222
1957,Minneapolis?Lakers,13,17,4,22,0.433333333,0.153846154,0.263888889
1958,Minneapolis?Lakers,15,7,9,17,0.681818182,0.346153846,0.458333333
1959,Minneapolis?Lakers,9,13,9,22,0.409090909,0.290322581,0.333333333
1989,Minnesota?Timberwolves,17,24,5,36,0.414634146,0.12195122,0.268292683
1990,Minnesota?Timberwolves,21,20,8,33,0.512195122,0.195121951,0.353658537
1991,Minnesota?Timberwolves,9,32,6,35,0.219512195,0.146341463,0.182926829
1992,Minnesota?Timberwolves,18,23,1,40,0.43902439,0.024390244,0.231707317
1993,Minnesota?Timberwolves,13,28,7,34,0.317073171,0.170731707,0.243902439
1994,Minnesota?Timberwolves,13,28,8,33,0.317073171,0.195121951,0.256097561
1995,Minnesota?Timberwolves,17,24,9,32,0.414634146,0.219512195,0.317073171
1996,Minnesota?Timberwolves,25,16,15,26,0.609756098,0.365853659,0.487804878
1997,Minnesota?Timberwolves,26,15,19,22,0.634146341,0.463414634,0.548780488
1998,Minnesota?Timberwolves,18,7,7,18,0.72,0.28,0.5
1999,Minnesota?Timberwolves,26,15,24,17,0.634146341,0.585365854,0.609756098
2000,Minnesota?Timberwolves,30,11,17,24,0.731707317,0.414634146,0.573170732
2001,Minnesota?Timberwolves,29,12,21,20,0.707317073,0.512195122,0.609756098
2002,Minnesota?Timberwolves,33,8,18,23,0.804878049,0.43902439,0.62195122
2003,Minnesota?Timberwolves,31,10,27,14,0.756097561,0.658536585,0.707317073
2004,Minnesota?Timberwolves,24,17,20,21,0.585365854,0.487804878,0.536585366
2005,Minnesota?Timberwolves,24,17,9,32,0.585365854,0.219512195,0.402439024
2006,Minnesota?Timberwolves,20,21,12,29,0.487804878,0.292682927,0.390243902
2007,Minnesota?Timberwolves,15,26,7,34,0.365853659,0.170731707,0.268292683
2008,Minnesota?Timberwolves,11,30,13,28,0.268292683,0.317073171,0.292682927
2009,Minnesota?Timberwolves,10,31,5,36,0.243902439,0.12195122,0.182926829
2010,Minnesota?Timberwolves,12,29,5,36,0.292682927,0.12195122,0.207317073
1977,NewJersey?Nets,18,23,6,35,0.43902439,0.146341463,0.292682927
1978,NewJersey?Nets,25,16,12,29,0.609756098,0.292682927,0.451219512
1979,NewJersey?Nets,22,19,12,29,0.536585366,0.292682927,0.414634146
1980,NewJersey?Nets,16,25,8,33,0.390243902,0.195121951,0.292682927
1981,NewJersey?Nets,25,16,19,22,0.609756098,0.463414634,0.536585366
1982,NewJersey?Nets,30,11,19,22,0.731707317,0.463414634,0.597560976
1983,NewJersey?Nets,29,12,16,25,0.707317073,0.390243902,0.548780488
1984,NewJersey?Nets,27,14,15,26,0.658536585,0.365853659,0.512195122
1985,NewJersey?Nets,26,15,13,28,0.634146341,0.317073171,0.475609756
1986,NewJersey?Nets,19,22,5,36,0.463414634,0.12195122,0.292682927
1987,NewJersey?Nets,16,25,3,38,0.390243902,0.073170732,0.231707317
1988,NewJersey?Nets,17,24,9,32,0.414634146,0.219512195,0.317073171
1989,NewJersey?Nets,13,28,4,37,0.317073171,0.097560976,0.207317073
1990,NewJersey?Nets,20,21,6,35,0.487804878,0.146341463,0.317073171
1991,NewJersey?Nets,25,16,15,26,0.609756098,0.365853659,0.487804878
1992,NewJersey?Nets,26,15,17,24,0.634146341,0.414634146,0.524390244
1993,NewJersey?Nets,29,12,16,25,0.707317073,0.390243902,0.548780488
1994,NewJersey?Nets,20,21,10,31,0.487804878,0.243902439,0.365853659
1995,NewJersey?Nets,20,21,10,31,0.487804878,0.243902439,0.365853659
1996,NewJersey?Nets,16,25,10,31,0.390243902,0.243902439,0.317073171
1997,NewJersey?Nets,26,15,17,24,0.634146341,0.414634146,0.524390244
1998,NewJersey?Nets,12,13,4,21,0.48,0.16,0.32
1999,NewJersey?Nets,22,19,9,32,0.536585366,0.219512195,0.37804878
2000,NewJersey?Nets,18,23,8,33,0.43902439,0.195121951,0.317073171
2001,NewJersey?Nets,33,8,19,22,0.804878049,0.463414634,0.634146341
2002,NewJersey?Nets,33,8,16,25,0.804878049,0.390243902,0.597560976
2003,NewJersey?Nets,28,13,19,22,0.682926829,0.463414634,0.573170732
2004,NewJersey?Nets,24,17,18,23,0.585365854,0.43902439,0.512195122
2005,NewJersey?Nets,29,12,20,21,0.707317073,0.487804878,0.597560976
2006,NewJersey?Nets,24,17,17,24,0.585365854,0.414634146,0.5
2007,NewJersey?Nets,21,20,13,28,0.512195122,0.317073171,0.414634146
2008,NewJersey?Nets,19,22,15,26,0.463414634,0.365853659,0.414634146
2009,NewJersey?Nets,8,33,4,37,0.195121951,0.097560976,0.146341463
2010,NewJersey?Nets,19,22,5,36,0.463414634,0.12195122,0.292682927
2002,NewOrleans?Hornets,29,12,18,23,0.707317073,0.43902439,0.573170732
2003,NewOrleans?Hornets,25,16,16,25,0.609756098,0.390243902,0.5
2004,NewOrleans?Hornets,11,30,7,34,0.268292683,0.170731707,0.219512195
2007,NewOrleans?Hornets,30,11,26,15,0.731707317,0.634146341,0.682926829
2008,NewOrleans?Hornets,28,13,21,20,0.682926829,0.512195122,0.597560976
2009,NewOrleans?Hornets,24,17,13,28,0.585365854,0.317073171,0.451219512
2010,NewOrleans?Hornets,28,13,18,23,0.682926829,0.43902439,0.56097561
1974,NewOrleans?Jazz,20,21,3,38,0.487804878,0.073170732,0.280487805
1975,NewOrleans?Jazz,22,19,16,25,0.536585366,0.390243902,0.463414634
1976,NewOrleans?Jazz,26,15,9,32,0.634146341,0.219512195,0.426829268
1977,NewOrleans?Jazz,27,14,12,29,0.658536585,0.292682927,0.475609756
1978,NewOrleans?Jazz,22,19,4,37,0.536585366,0.097560976,0.317073171
1950,NewYork?Knicks,22,5,10,25,0.814814815,0.285714286,0.545454545
1951,NewYork?Knicks,21,4,12,22,0.84,0.352941176,0.560606061
1952,NewYork?Knicks,21,4,15,14,0.84,0.517241379,0.671428571
1953,NewYork?Knicks,18,8,15,13,0.692307692,0.535714286,0.611111111
1954,NewYork?Knicks,17,8,8,19,0.68,0.296296296,0.527777778
1955,NewYork?Knicks,14,14,15,14,0.5,0.517241379,0.486111111
1956,NewYork?Knicks,19,12,11,20,0.612903226,0.35483871,0.5
1957,NewYork?Knicks,16,13,11,19,0.551724138,0.366666667,0.486111111
1958,NewYork?Knicks,21,9,15,15,0.7,0.5,0.555555556
1959,NewYork?Knicks,13,18,9,19,0.419354839,0.321428571,0.36
1960,NewYork?Knicks,10,22,7,25,0.3125,0.21875,0.265822785
1961,NewYork?Knicks,19,14,2,23,0.575757576,0.08,0.3625
1962,NewYork?Knicks,12,22,5,28,0.352941176,0.151515152,0.2625
1963,NewYork?Knicks,10,25,8,27,0.285714286,0.228571429,0.275
1964,NewYork?Knicks,16,19,8,22,0.457142857,0.266666667,0.3875
1965,NewYork?Knicks,20,14,4,30,0.588235294,0.117647059,0.375
1966,NewYork?Knicks,20,15,9,24,0.571428571,0.272727273,0.444444444
1967,NewYork?Knicks,20,17,21,16,0.540540541,0.567567568,0.524390244
1968,NewYork?Knicks,30,7,19,20,0.810810811,0.487179487,0.658536585
1969,NewYork?Knicks,30,11,27,10,0.731707317,0.72972973,0.731707317
1970,NewYork?Knicks,32,9,19,20,0.780487805,0.487179487,0.634146341
1971,NewYork?Knicks,27,14,20,19,0.658536585,0.512820513,0.585365854
1972,NewYork?Knicks,35,6,21,18,0.853658537,0.538461538,0.695121951
1973,NewYork?Knicks,28,13,21,19,0.682926829,0.525,0.597560976
1974,NewYork?Knicks,23,18,17,24,0.56097561,0.414634146,0.487804878
1975,NewYork?Knicks,24,17,14,27,0.585365854,0.341463415,0.463414634
1976,NewYork?Knicks,26,15,14,27,0.634146341,0.341463415,0.487804878
1977,NewYork?Knicks,29,12,14,27,0.707317073,0.341463415,0.524390244
1978,NewYork?Knicks,23,18,8,33,0.56097561,0.195121951,0.37804878
1979,NewYork?Knicks,25,16,14,27,0.609756098,0.341463415,0.475609756
1980,NewYork?Knicks,28,13,22,19,0.682926829,0.536585366,0.609756098
1981,NewYork?Knicks,19,22,14,27,0.463414634,0.341463415,0.402439024
1982,NewYork?Knicks,26,15,18,23,0.634146341,0.43902439,0.536585366
1983,NewYork?Knicks,29,12,18,23,0.707317073,0.43902439,0.573170732
1984,NewYork?Knicks,19,22,5,36,0.463414634,0.12195122,0.292682927
1985,NewYork?Knicks,15,26,8,33,0.365853659,0.195121951,0.280487805
1986,NewYork?Knicks,18,23,6,35,0.43902439,0.146341463,0.292682927
1987,NewYork?Knicks,29,12,9,32,0.707317073,0.219512195,0.463414634
1988,NewYork?Knicks,35,6,17,24,0.853658537,0.414634146,0.634146341
1989,NewYork?Knicks,29,12,16,25,0.707317073,0.390243902,0.548780488
1990,NewYork?Knicks,21,20,18,23,0.512195122,0.43902439,0.475609756
1991,NewYork?Knicks,30,11,21,20,0.731707317,0.512195122,0.62195122
1992,NewYork?Knicks,37,4,23,18,0.902439024,0.56097561,0.731707317
1993,NewYork?Knicks,32,9,25,16,0.780487805,0.609756098,0.695121951
1994,NewYork?Knicks,29,12,26,15,0.707317073,0.634146341,0.670731707
1995,NewYork?Knicks,26,15,21,20,0.634146341,0.512195122,0.573170732
1996,NewYork?Knicks,31,10,26,15,0.756097561,0.634146341,0.695121951
1997,NewYork?Knicks,28,13,15,26,0.682926829,0.365853659,0.524390244
1998,NewYork?Knicks,19,6,8,17,0.76,0.32,0.54
1999,NewYork?Knicks,33,8,17,24,0.804878049,0.414634146,0.609756098
2000,NewYork?Knicks,30,11,18,23,0.731707317,0.43902439,0.585365854
2001,NewYork?Knicks,19,22,11,30,0.463414634,0.268292683,0.365853659
2002,NewYork?Knicks,24,17,13,28,0.585365854,0.317073171,0.451219512
2003,NewYork?Knicks,23,18,16,25,0.56097561,0.390243902,0.475609756
2004,NewYork?Knicks,22,19,11,30,0.536585366,0.268292683,0.402439024
2005,NewYork?Knicks,15,26,8,33,0.365853659,0.195121951,0.280487805
2006,NewYork?Knicks,19,22,14,27,0.463414634,0.341463415,0.402439024
2007,NewYork?Knicks,15,26,8,33,0.365853659,0.195121951,0.280487805
2008,NewYork?Knicks,20,21,12,29,0.487804878,0.292682927,0.390243902
2009,NewYork?Knicks,18,23,11,30,0.43902439,0.268292683,0.353658537
2010,NewYork?Knicks,23,18,19,22,0.56097561,0.463414634,0.512195122
1976,NewYork?Nets,10,31,12,29,0.243902439,0.292682927,0.268292683
2008,OklahomaCity?Thunder,15,26,8,33,0.365853659,0.195121951,0.280487805
2009,OklahomaCity?Thunder,27,14,23,18,0.658536585,0.56097561,0.609756098
2010,OklahomaCity?Thunder,30,11,25,16,0.731707317,0.609756098,0.670731707
1989,Orlando?Magic,12,29,6,35,0.292682927,0.146341463,0.219512195
1990,Orlando?Magic,24,17,7,34,0.585365854,0.170731707,0.37804878
1991,Orlando?Magic,13,28,8,33,0.317073171,0.195121951,0.256097561
1992,Orlando?Magic,27,14,14,27,0.658536585,0.341463415,0.5
1993,Orlando?Magic,31,10,19,22,0.756097561,0.463414634,0.609756098
1994,Orlando?Magic,39,2,18,23,0.951219512,0.43902439,0.695121951
1995,Orlando?Magic,37,4,23,18,0.902439024,0.56097561,0.731707317
1996,Orlando?Magic,26,15,19,22,0.634146341,0.463414634,0.548780488
1997,Orlando?Magic,24,17,17,24,0.585365854,0.414634146,0.5
1998,Orlando?Magic,21,4,12,13,0.84,0.48,0.66
1999,Orlando?Magic,26,15,15,26,0.634146341,0.365853659,0.5
2000,Orlando?Magic,26,15,17,24,0.634146341,0.414634146,0.524390244
2001,Orlando?Magic,27,14,17,24,0.658536585,0.414634146,0.536585366
2002,Orlando?Magic,26,15,16,25,0.634146341,0.390243902,0.512195122
2003,Orlando?Magic,11,30,10,31,0.268292683,0.243902439,0.256097561
2004,Orlando?Magic,24,17,12,29,0.585365854,0.292682927,0.43902439
2005,Orlando?Magic,26,15,10,31,0.634146341,0.243902439,0.43902439
2006,Orlando?Magic,25,16,15,26,0.609756098,0.365853659,0.487804878
2007,Orlando?Magic,25,16,27,14,0.609756098,0.658536585,0.634146341
2008,Orlando?Magic,32,9,27,14,0.780487805,0.658536585,0.719512195
2009,Orlando?Magic,34,7,25,16,0.829268293,0.609756098,0.719512195
2010,Orlando?Magic,29,12,23,18,0.707317073,0.56097561,0.634146341
1963,Philadelphia?76ers,18,12,12,22,0.6,0.352941176,0.425
1964,Philadelphia?76ers,13,12,9,21,0.52,0.3,0.5
1965,Philadelphia?76ers,22,3,20,17,0.88,0.540540541,0.6875
1966,Philadelphia?76ers,28,2,26,8,0.933333333,0.764705882,0.839506173
1967,Philadelphia?76ers,27,8,25,12,0.771428571,0.675675676,0.756097561
1968,Philadelphia?76ers,26,8,24,16,0.764705882,0.6,0.670731707
1969,Philadelphia?76ers,22,16,16,22,0.578947368,0.421052632,0.512195122
1970,Philadelphia?76ers,24,15,21,18,0.615384615,0.538461538,0.573170732
1971,Philadelphia?76ers,14,23,14,26,0.378378378,0.35,0.365853659
1972,Philadelphia?76ers,2,26,5,36,0.071428571,0.12195122,0.109756098
1973,Philadelphia?76ers,14,23,9,30,0.378378378,0.230769231,0.304878049
1974,Philadelphia?76ers,20,21,14,27,0.487804878,0.341463415,0.414634146
1975,Philadelphia?76ers,34,7,12,29,0.829268293,0.292682927,0.56097561
1976,Philadelphia?76ers,32,9,18,23,0.780487805,0.43902439,0.609756098
1977,Philadelphia?76ers,37,4,18,23,0.902439024,0.43902439,0.670731707
1978,Philadelphia?76ers,31,10,16,25,0.756097561,0.390243902,0.573170732
1979,Philadelphia?76ers,36,5,23,18,0.87804878,0.56097561,0.719512195
1980,Philadelphia?76ers,37,4,25,16,0.902439024,0.609756098,0.756097561
1981,Philadelphia?76ers,32,9,26,15,0.780487805,0.634146341,0.707317073
1982,Philadelphia?76ers,35,6,30,11,0.853658537,0.731707317,0.792682927
1983,Philadelphia?76ers,32,9,20,21,0.780487805,0.487804878,0.634146341
1984,Philadelphia?76ers,34,7,24,17,0.829268293,0.585365854,0.707317073
1985,Philadelphia?76ers,31,10,23,18,0.756097561,0.56097561,0.658536585
1986,Philadelphia?76ers,28,13,17,24,0.682926829,0.414634146,0.548780488
1987,Philadelphia?76ers,27,14,9,32,0.658536585,0.219512195,0.43902439
1988,Philadelphia?76ers,30,11,16,25,0.731707317,0.390243902,0.56097561
1989,Philadelphia?76ers,34,7,19,22,0.829268293,0.463414634,0.646341463
1990,Philadelphia?76ers,29,12,15,26,0.707317073,0.365853659,0.536585366
1991,Philadelphia?76ers,23,18,12,29,0.56097561,0.292682927,0.426829268
1992,Philadelphia?76ers,15,26,11,30,0.365853659,0.268292683,0.317073171
1993,Philadelphia?76ers,15,26,10,31,0.365853659,0.243902439,0.304878049
1994,Philadelphia?76ers,14,27,10,31,0.341463415,0.243902439,0.292682927
1995,Philadelphia?76ers,11,30,7,34,0.268292683,0.170731707,0.219512195
1996,Philadelphia?76ers,11,30,11,30,0.268292683,0.268292683,0.268292683
1997,Philadelphia?76ers,19,22,12,29,0.463414634,0.292682927,0.37804878
1998,Philadelphia?76ers,17,8,11,14,0.68,0.44,0.56
1999,Philadelphia?76ers,29,12,20,21,0.707317073,0.487804878,0.597560976
2000,Philadelphia?76ers,29,12,27,14,0.707317073,0.658536585,0.682926829
2001,Philadelphia?76ers,22,19,21,20,0.536585366,0.512195122,0.524390244
2002,Philadelphia?76ers,25,16,23,18,0.609756098,0.56097561,0.585365854
2003,Philadelphia?76ers,21,20,12,29,0.512195122,0.292682927,0.402439024
2004,Philadelphia?76ers,25,16,18,23,0.609756098,0.43902439,0.524390244
2005,Philadelphia?76ers,23,18,15,26,0.56097561,0.365853659,0.463414634
2006,Philadelphia?76ers,21,20,14,27,0.512195122,0.341463415,0.426829268
2007,Philadelphia?76ers,22,19,18,23,0.536585366,0.43902439,0.487804878
2008,Philadelphia?76ers,24,17,17,24,0.585365854,0.414634146,0.5
2009,Philadelphia?76ers,12,29,15,26,0.292682927,0.365853659,0.329268293
2010,Philadelphia?76ers,26,15,15,26,0.634146341,0.365853659,0.5
1950,Philadelphia?Warriors,29,3,10,22,0.90625,0.3125,0.606060606
1951,Philadelphia?Warriors,24,7,6,25,0.774193548,0.193548387,0.5
1952,Philadelphia?Warriors,4,13,1,28,0.235294118,0.034482759,0.173913043
1953,Philadelphia?Warriors,10,9,6,16,0.526315789,0.272727273,0.402777778
1954,Philadelphia?Warriors,16,5,4,19,0.761904762,0.173913043,0.458333333
1955,Philadelphia?Warriors,21,7,11,17,0.75,0.392857143,0.625
1956,Philadelphia?Warriors,26,5,5,26,0.838709677,0.161290323,0.513888889
1957,Philadelphia?Warriors,16,12,12,19,0.571428571,0.387096774,0.513888889
1958,Philadelphia?Warriors,17,9,7,24,0.653846154,0.225806452,0.444444444
1959,Philadelphia?Warriors,22,6,12,19,0.785714286,0.387096774,0.653333333
1960,Philadelphia?Warriors,23,6,12,21,0.793103448,0.363636364,0.582278481
1961,Philadelphia?Warriors,18,11,18,19,0.620689655,0.486486486,0.6125
1968,Phoenix?Suns,11,26,4,28,0.297297297,0.125,0.195121951
1969,Phoenix?Suns,22,15,12,25,0.594594595,0.324324324,0.475609756
1970,Phoenix?Suns,27,14,19,20,0.658536585,0.487179487,0.585365854
1971,Phoenix?Suns,30,11,19,20,0.731707317,0.487179487,0.597560976
1972,Phoenix?Suns,22,19,15,25,0.536585366,0.375,0.463414634
1973,Phoenix?Suns,24,17,6,34,0.585365854,0.15,0.365853659
1974,Phoenix?Suns,22,19,10,31,0.536585366,0.243902439,0.390243902
1975,Phoenix?Suns,27,14,15,26,0.658536585,0.365853659,0.512195122
1976,Phoenix?Suns,26,15,8,33,0.634146341,0.195121951,0.414634146
1977,Phoenix?Suns,34,7,15,26,0.829268293,0.365853659,0.597560976
1978,Phoenix?Suns,32,9,18,23,0.780487805,0.43902439,0.609756098
1979,Phoenix?Suns,36,5,19,22,0.87804878,0.463414634,0.670731707
1980,Phoenix?Suns,36,5,21,20,0.87804878,0.512195122,0.695121951
1981,Phoenix?Suns,31,10,15,26,0.756097561,0.365853659,0.56097561
1982,Phoenix?Suns,32,9,21,20,0.780487805,0.512195122,0.646341463
1983,Phoenix?Suns,31,10,10,31,0.756097561,0.243902439,0.5
1984,Phoenix?Suns,26,15,10,31,0.634146341,0.243902439,0.43902439
1985,Phoenix?Suns,23,18,9,32,0.56097561,0.219512195,0.390243902
1986,Phoenix?Suns,26,15,10,31,0.634146341,0.243902439,0.43902439
1987,Phoenix?Suns,22,19,6,35,0.536585366,0.146341463,0.341463415
1988,Phoenix?Suns,35,6,20,21,0.853658537,0.487804878,0.670731707
1989,Phoenix?Suns,32,9,22,19,0.780487805,0.536585366,0.658536585
1990,Phoenix?Suns,32,9,23,18,0.780487805,0.56097561,0.670731707
1991,Phoenix?Suns,36,5,17,24,0.87804878,0.414634146,0.646341463
1992,Phoenix?Suns,35,6,27,14,0.853658537,0.658536585,0.756097561
1993,Phoenix?Suns,36,5,20,21,0.87804878,0.487804878,0.682926829
1994,Phoenix?Suns,32,9,27,14,0.780487805,0.658536585,0.719512195
1995,Phoenix?Suns,25,16,16,25,0.609756098,0.390243902,0.5
1996,Phoenix?Suns,25,16,15,26,0.609756098,0.365853659,0.487804878
1997,Phoenix?Suns,30,11,26,15,0.731707317,0.634146341,0.682926829
1998,Phoenix?Suns,15,10,12,13,0.6,0.48,0.54
1999,Phoenix?Suns,32,9,21,20,0.780487805,0.512195122,0.646341463
2000,Phoenix?Suns,31,10,20,21,0.756097561,0.487804878,0.62195122
2001,Phoenix?Suns,23,18,13,28,0.56097561,0.317073171,0.43902439
2002,Phoenix?Suns,30,11,14,27,0.731707317,0.341463415,0.536585366
2003,Phoenix?Suns,18,23,11,30,0.43902439,0.268292683,0.353658537
2004,Phoenix?Suns,31,10,31,10,0.756097561,0.756097561,0.756097561
2005,Phoenix?Suns,31,10,23,18,0.756097561,0.56097561,0.658536585
2006,Phoenix?Suns,33,8,28,13,0.804878049,0.682926829,0.743902439
2007,Phoenix?Suns,30,11,25,16,0.731707317,0.609756098,0.670731707
2008,Phoenix?Suns,28,13,18,23,0.682926829,0.43902439,0.56097561
2009,Phoenix?Suns,32,9,22,19,0.780487805,0.536585366,0.658536585
2010,Phoenix?Suns,23,18,17,24,0.56097561,0.414634146,0.487804878
1970,Portland?Trailblazers,18,21,9,26,0.461538462,0.257142857,0.353658537
1971,Portland?Trailblazers,14,26,4,35,0.35,0.102564103,0.219512195
1972,Portland?Trailblazers,13,28,8,32,0.317073171,0.2,0.256097561
1973,Portland?Trailblazers,22,19,5,34,0.536585366,0.128205128,0.329268293
1974,Portland?Trailblazers,28,13,10,31,0.682926829,0.243902439,0.463414634
1975,Portland?Trailblazers,26,15,11,30,0.634146341,0.268292683,0.451219512
1976,Portland?Trailblazers,35,6,14,27,0.853658537,0.341463415,0.597560976
1977,Portland?Trailblazers,36,5,22,19,0.87804878,0.536585366,0.707317073
1978,Portland?Trailblazers,33,8,12,29,0.804878049,0.292682927,0.548780488
1979,Portland?Trailblazers,26,15,12,29,0.634146341,0.292682927,0.463414634
1980,Portland?Trailblazers,30,11,15,26,0.731707317,0.365853659,0.548780488
1981,Portland?Trailblazers,27,14,15,26,0.658536585,0.365853659,0.512195122
1982,Portland?Trailblazers,31,10,15,26,0.756097561,0.365853659,0.56097561
1983,Portland?Trailblazers,33,8,15,26,0.804878049,0.365853659,0.585365854
1984,Portland?Trailblazers,30,11,12,29,0.731707317,0.292682927,0.512195122
1985,Portland?Trailblazers,27,14,13,28,0.658536585,0.317073171,0.487804878
1986,Portland?Trailblazers,34,7,15,26,0.829268293,0.365853659,0.597560976
1987,Portland?Trailblazers,33,8,20,21,0.804878049,0.487804878,0.646341463
1988,Portland?Trailblazers,28,13,11,30,0.682926829,0.268292683,0.475609756
1989,Portland?Trailblazers,35,6,24,17,0.853658537,0.585365854,0.719512195
1990,Portland?Trailblazers,36,5,27,14,0.87804878,0.658536585,0.768292683
1991,Portland?Trailblazers,33,8,24,17,0.804878049,0.585365854,0.695121951
1992,Portland?Trailblazers,30,11,21,20,0.731707317,0.512195122,0.62195122
1993,Portland?Trailblazers,30,11,17,24,0.731707317,0.414634146,0.573170732
1994,Portland?Trailblazers,26,15,18,23,0.634146341,0.43902439,0.536585366
1995,Portland?Trailblazers,26,15,18,23,0.634146341,0.43902439,0.536585366
1996,Portland?Trailblazers,29,12,20,21,0.707317073,0.487804878,0.597560976
1997,Portland?Trailblazers,26,15,20,21,0.634146341,0.487804878,0.56097561
1998,Portland?Trailblazers,22,3,13,12,0.88,0.52,0.7
1999,Portland?Trailblazers,30,11,29,12,0.731707317,0.707317073,0.719512195
2000,Portland?Trailblazers,28,13,22,19,0.682926829,0.536585366,0.609756098
2001,Portland?Trailblazers,30,11,19,22,0.731707317,0.463414634,0.597560976
2002,Portland?Trailblazers,27,14,23,18,0.658536585,0.56097561,0.609756098
2003,Portland?Trailblazers,25,16,16,25,0.609756098,0.390243902,0.5
2004,Portland?Trailblazers,18,23,9,32,0.43902439,0.219512195,0.329268293
2005,Portland?Trailblazers,15,26,6,35,0.365853659,0.146341463,0.256097561
2006,Portland?Trailblazers,18,23,14,27,0.43902439,0.341463415,0.390243902
2007,Portland?Trailblazers,28,13,13,28,0.682926829,0.317073171,0.5
2008,Portland?Trailblazers,34,7,20,21,0.829268293,0.487804878,0.658536585
2009,Portland?Trailblazers,26,15,24,17,0.634146341,0.585365854,0.609756098
2010,Portland?Trailblazers,30,11,18,23,0.731707317,0.43902439,0.585365854
1950,Rochester?Royals,29,5,12,22,0.852941176,0.352941176,0.602941176
1951,Rochester?Royals,28,5,12,18,0.848484848,0.4,0.621212121
1952,Rochester?Royals,24,8,13,16,0.75,0.448275862,0.628571429
1953,Rochester?Royals,18,10,12,15,0.642857143,0.444444444,0.611111111
1954,Rochester?Royals,17,11,4,19,0.607142857,0.173913043,0.402777778
1955,Rochester?Royals,15,14,7,21,0.517241379,0.25,0.430555556
1956,Rochester?Royals,19,12,9,22,0.612903226,0.290322581,0.430555556
1985,Sacramento?Kings,25,16,12,29,0.609756098,0.292682927,0.451219512
1986,Sacramento?Kings,20,21,9,32,0.487804878,0.219512195,0.353658537
1987,Sacramento?Kings,19,22,5,36,0.463414634,0.12195122,0.292682927
1988,Sacramento?Kings,21,20,6,35,0.512195122,0.146341463,0.329268293
1989,Sacramento?Kings,16,25,7,34,0.390243902,0.170731707,0.280487805
1990,Sacramento?Kings,24,17,1,40,0.585365854,0.024390244,0.304878049
1991,Sacramento?Kings,21,20,8,33,0.512195122,0.195121951,0.353658537
1992,Sacramento?Kings,16,25,9,32,0.390243902,0.219512195,0.304878049
1993,Sacramento?Kings,20,21,8,33,0.487804878,0.195121951,0.341463415
1994,Sacramento?Kings,27,14,12,29,0.658536585,0.292682927,0.475609756
1995,Sacramento?Kings,26,15,13,28,0.634146341,0.317073171,0.475609756
1996,Sacramento?Kings,22,19,12,29,0.536585366,0.292682927,0.414634146
1997,Sacramento?Kings,21,20,6,35,0.512195122,0.146341463,0.329268293
1998,Sacramento?Kings,16,9,11,14,0.64,0.44,0.54
1999,Sacramento?Kings,30,11,14,27,0.731707317,0.341463415,0.536585366
2000,Sacramento?Kings,33,8,22,19,0.804878049,0.536585366,0.670731707
2001,Sacramento?Kings,36,5,25,16,0.87804878,0.609756098,0.743902439
2002,Sacramento?Kings,35,6,24,17,0.853658537,0.585365854,0.719512195
2003,Sacramento?Kings,34,7,21,20,0.829268293,0.512195122,0.670731707
2004,Sacramento?Kings,30,11,20,21,0.731707317,0.487804878,0.609756098
2005,Sacramento?Kings,27,14,17,24,0.658536585,0.414634146,0.536585366
2006,Sacramento?Kings,20,21,13,28,0.487804878,0.317073171,0.402439024
2007,Sacramento?Kings,26,15,12,29,0.634146341,0.292682927,0.463414634
2008,Sacramento?Kings,11,30,6,35,0.268292683,0.146341463,0.207317073
2009,Sacramento?Kings,18,23,7,34,0.43902439,0.170731707,0.304878049
2010,Sacramento?Kings,11,30,13,28,0.268292683,0.317073171,0.292682927
1976,SanAntonio?Spurs,31,10,13,28,0.756097561,0.317073171,0.536585366
1977,SanAntonio?Spurs,32,9,20,21,0.780487805,0.487804878,0.634146341
1978,SanAntonio?Spurs,29,12,19,22,0.707317073,0.463414634,0.585365854
1979,SanAntonio?Spurs,27,14,14,27,0.658536585,0.341463415,0.5
1980,SanAntonio?Spurs,34,7,18,23,0.829268293,0.43902439,0.634146341
1981,SanAntonio?Spurs,29,12,19,22,0.707317073,0.463414634,0.585365854
1982,SanAntonio?Spurs,31,10,22,19,0.756097561,0.536585366,0.646341463
1983,SanAntonio?Spurs,28,13,9,32,0.682926829,0.219512195,0.451219512
1984,SanAntonio?Spurs,30,11,11,30,0.731707317,0.268292683,0.5
1985,SanAntonio?Spurs,21,20,14,27,0.512195122,0.341463415,0.426829268
1986,SanAntonio?Spurs,21,20,7,34,0.512195122,0.170731707,0.341463415
1987,SanAntonio?Spurs,23,18,8,33,0.56097561,0.195121951,0.37804878
1988,SanAntonio?Spurs,18,23,3,38,0.43902439,0.073170732,0.256097561
1989,SanAntonio?Spurs,34,7,22,19,0.829268293,0.536585366,0.682926829
1990,SanAntonio?Spurs,33,8,22,19,0.804878049,0.536585366,0.670731707
1991,SanAntonio?Spurs,31,10,16,25,0.756097561,0.390243902,0.573170732
1992,SanAntonio?Spurs,31,10,18,23,0.756097561,0.43902439,0.597560976
1993,SanAntonio?Spurs,32,9,23,18,0.780487805,0.56097561,0.670731707
1994,SanAntonio?Spurs,33,8,29,12,0.804878049,0.707317073,0.756097561
1995,SanAntonio?Spurs,33,8,26,15,0.804878049,0.634146341,0.719512195
1996,SanAntonio?Spurs,12,29,8,33,0.292682927,0.195121951,0.243902439
1997,SanAntonio?Spurs,31,10,25,16,0.756097561,0.609756098,0.682926829
1998,SanAntonio?Spurs,21,4,16,9,0.84,0.64,0.74
1999,SanAntonio?Spurs,31,10,22,19,0.756097561,0.536585366,0.646341463
2000,SanAntonio?Spurs,33,8,25,16,0.804878049,0.609756098,0.707317073
2001,SanAntonio?Spurs,32,9,26,15,0.780487805,0.634146341,0.707317073
2002,SanAntonio?Spurs,33,8,27,14,0.804878049,0.658536585,0.731707317
2003,SanAntonio?Spurs,33,8,24,17,0.804878049,0.585365854,0.695121951
2004,SanAntonio?Spurs,38,3,21,20,0.926829268,0.512195122,0.719512195
2005,SanAntonio?Spurs,34,7,29,12,0.829268293,0.707317073,0.768292683
2006,SanAntonio?Spurs,31,10,27,14,0.756097561,0.658536585,0.707317073
2007,SanAntonio?Spurs,34,7,22,19,0.829268293,0.536585366,0.682926829
2008,SanAntonio?Spurs,28,13,26,15,0.682926829,0.634146341,0.658536585
2009,SanAntonio?Spurs,29,12,21,20,0.707317073,0.512195122,0.609756098
2010,SanAntonio?Spurs,36,5,25,16,0.87804878,0.609756098,0.743902439
1978,SanDiego?Clippers,29,12,14,27,0.707317073,0.341463415,0.524390244
1979,SanDiego?Clippers,24,17,11,30,0.585365854,0.268292683,0.426829268
1980,SanDiego?Clippers,22,19,14,27,0.536585366,0.341463415,0.43902439
1981,SanDiego?Clippers,11,30,6,35,0.268292683,0.146341463,0.207317073
1982,SanDiego?Clippers,18,23,7,34,0.43902439,0.170731707,0.304878049
1983,SanDiego?Clippers,25,16,5,36,0.609756098,0.12195122,0.365853659
1967,SanDiego?Rockets,8,33,4,26,0.195121951,0.133333333,0.182926829
1968,SanDiego?Rockets,25,16,8,25,0.609756098,0.242424242,0.451219512
1969,SanDiego?Rockets,21,17,4,33,0.552631579,0.108108108,0.329268293
1970,SanDiego?Rockets,24,15,15,26,0.615384615,0.365853659,0.487804878
1962,SanFrancisco?Warriors,13,20,11,25,0.393939394,0.305555556,0.3875
1963,SanFrancisco?Warriors,25,14,21,15,0.641025641,0.583333333,0.6
1964,SanFrancisco?Warriors,10,26,5,31,0.277777778,0.138888889,0.2125
1965,SanFrancisco?Warriors,12,14,8,19,0.461538462,0.296296296,0.4375
1966,SanFrancisco?Warriors,18,10,11,19,0.642857143,0.366666667,0.543209877
1967,SanFrancisco?Warriors,27,14,16,23,0.658536585,0.41025641,0.524390244
1968,SanFrancisco?Warriors,22,19,18,21,0.536585366,0.461538462,0.5
1969,SanFrancisco?Warriors,16,20,14,26,0.444444444,0.35,0.365853659
1970,SanFrancisco?Warriors,20,18,19,21,0.526315789,0.475,0.5
1967,Seattle?Supersonics,9,19,7,24,0.321428571,0.225806452,0.280487805
1968,Seattle?Supersonics,18,18,6,29,0.5,0.171428571,0.365853659
1969,Seattle?Supersonics,22,14,10,26,0.611111111,0.277777778,0.43902439
1970,Seattle?Supersonics,27,13,11,30,0.675,0.268292683,0.463414634
1971,Seattle?Supersonics,28,12,18,22,0.7,0.45,0.573170732
1972,Seattle?Supersonics,16,25,10,29,0.390243902,0.256410256,0.317073171
1973,Seattle?Supersonics,22,19,14,27,0.536585366,0.341463415,0.43902439
1974,Seattle?Supersonics,24,17,19,22,0.585365854,0.463414634,0.524390244
1975,Seattle?Supersonics,31,10,12,29,0.756097561,0.292682927,0.524390244
1976,Seattle?Supersonics,27,14,13,28,0.658536585,0.317073171,0.487804878
1977,Seattle?Supersonics,31,10,16,25,0.756097561,0.390243902,0.573170732
1978,Seattle?Supersonics,31,10,21,20,0.756097561,0.512195122,0.634146341
1979,Seattle?Supersonics,33,8,23,18,0.804878049,0.56097561,0.682926829
1980,Seattle?Supersonics,22,19,12,29,0.536585366,0.292682927,0.414634146
1981,Seattle?Supersonics,31,10,21,20,0.756097561,0.512195122,0.634146341
1982,Seattle?Supersonics,29,12,19,22,0.707317073,0.463414634,0.585365854
1983,Seattle?Supersonics,32,9,10,31,0.780487805,0.243902439,0.512195122
1984,Seattle?Supersonics,20,21,11,30,0.487804878,0.268292683,0.37804878
1985,Seattle?Supersonics,24,17,7,34,0.585365854,0.170731707,0.37804878
1986,Seattle?Supersonics,25,16,14,27,0.609756098,0.341463415,0.475609756
1987,Seattle?Supersonics,32,9,12,29,0.780487805,0.292682927,0.536585366
1988,Seattle?Supersonics,31,10,16,25,0.756097561,0.390243902,0.573170732
1989,Seattle?Supersonics,30,11,11,30,0.731707317,0.268292683,0.5
1990,Seattle?Supersonics,28,13,13,28,0.682926829,0.317073171,0.5
1991,Seattle?Supersonics,28,13,19,22,0.682926829,0.463414634,0.573170732
1992,Seattle?Supersonics,33,8,22,19,0.804878049,0.536585366,0.670731707
1993,Seattle?Supersonics,37,4,26,15,0.902439024,0.634146341,0.768292683
1994,Seattle?Supersonics,32,9,25,16,0.780487805,0.609756098,0.695121951
1995,Seattle?Supersonics,38,3,26,15,0.926829268,0.634146341,0.780487805
1996,Seattle?Supersonics,31,10,26,15,0.756097561,0.634146341,0.695121951
1997,Seattle?Supersonics,35,6,26,15,0.853658537,0.634146341,0.743902439
1998,Seattle?Supersonics,17,8,8,17,0.68,0.32,0.5
1999,Seattle?Supersonics,24,17,21,20,0.585365854,0.512195122,0.548780488
2000,Seattle?Supersonics,26,15,18,23,0.634146341,0.43902439,0.536585366
2001,Seattle?Supersonics,26,15,19,22,0.634146341,0.463414634,0.548780488
2002,Seattle?Supersonics,25,16,15,26,0.609756098,0.365853659,0.487804878
2003,Seattle?Supersonics,21,20,16,25,0.512195122,0.390243902,0.451219512
2004,Seattle?Supersonics,26,15,26,15,0.634146341,0.634146341,0.634146341
2005,Seattle?Supersonics,22,19,13,28,0.536585366,0.317073171,0.426829268
2006,Seattle?Supersonics,20,21,11,30,0.487804878,0.268292683,0.37804878
2007,Seattle?Supersonics,13,28,7,34,0.317073171,0.170731707,0.243902439
1955,St.Louis?Hawks,16,10,10,17,0.615384615,0.37037037,0.458333333
1956,St.Louis?Hawks,18,13,11,20,0.580645161,0.35483871,0.472222222
1957,St.Louis?Hawks,23,8,9,19,0.741935484,0.321428571,0.569444444
1958,St.Louis?Hawks,28,3,14,15,0.903225806,0.482758621,0.680555556
1959,St.Louis?Hawks,28,5,12,20,0.848484848,0.375,0.613333333
1960,St.Louis?Hawks,29,5,15,20,0.852941176,0.428571429,0.64556962
1961,St.Louis?Hawks,19,16,7,27,0.542857143,0.205882353,0.3625
1962,St.Louis?Hawks,30,7,13,18,0.810810811,0.419354839,0.6
1963,St.Louis?Hawks,27,12,17,19,0.692307692,0.472222222,0.575
1964,St.Louis?Hawks,26,14,15,17,0.65,0.46875,0.5625
1965,St.Louis?Hawks,22,10,6,22,0.6875,0.214285714,0.45
1966,St.Louis?Hawks,18,11,12,21,0.620689655,0.363636364,0.481481481
1967,St.Louis?Hawks,25,7,22,13,0.78125,0.628571429,0.682926829
1950,Syracuse?Nationals,24,9,8,25,0.727272727,0.242424242,0.484848485
1951,Syracuse?Nationals,26,7,12,18,0.787878788,0.4,0.606060606
1952,Syracuse?Nationals,32,2,10,19,0.941176471,0.344827586,0.661971831
1953,Syracuse?Nationals,27,5,10,19,0.84375,0.344827586,0.583333333
1954,Syracuse?Nationals,25,7,10,16,0.78125,0.384615385,0.597222222
1955,Syracuse?Nationals,23,8,9,19,0.741935484,0.321428571,0.486111111
1956,Syracuse?Nationals,22,9,12,19,0.709677419,0.387096774,0.527777778
1957,Syracuse?Nationals,26,5,9,21,0.838709677,0.3,0.569444444
1958,Syracuse?Nationals,19,12,12,17,0.612903226,0.413793103,0.486111111
1959,Syracuse?Nationals,26,4,11,19,0.866666667,0.366666667,0.6
1960,Syracuse?Nationals,19,9,8,21,0.678571429,0.275862069,0.481012658
1961,Syracuse?Nationals,18,10,11,19,0.642857143,0.366666667,0.5125
1962,Syracuse?Nationals,23,5,13,19,0.821428571,0.40625,0.6
1995,Toronto?Raptors,15,26,6,35,0.365853659,0.146341463,0.256097561
1996,Toronto?Raptors,18,23,12,29,0.43902439,0.292682927,0.365853659
1997,Toronto?Raptors,9,32,7,34,0.219512195,0.170731707,0.195121951
1998,Toronto?Raptors,14,11,9,16,0.56,0.36,0.46
1999,Toronto?Raptors,26,15,19,22,0.634146341,0.463414634,0.548780488
2000,Toronto?Raptors,27,14,20,21,0.658536585,0.487804878,0.573170732
2001,Toronto?Raptors,24,17,18,23,0.585365854,0.43902439,0.512195122
2002,Toronto?Raptors,15,26,9,32,0.365853659,0.219512195,0.292682927
2003,Toronto?Raptors,18,23,15,26,0.43902439,0.365853659,0.402439024
2004,Toronto?Raptors,22,19,11,30,0.536585366,0.268292683,0.402439024
2005,Toronto?Raptors,15,26,12,29,0.365853659,0.292682927,0.329268293
2006,Toronto?Raptors,30,11,17,24,0.731707317,0.414634146,0.573170732
2007,Toronto?Raptors,25,16,16,25,0.609756098,0.390243902,0.5
2008,Toronto?Raptors,18,23,15,26,0.43902439,0.365853659,0.402439024
2009,Toronto?Raptors,25,16,15,26,0.609756098,0.365853659,0.487804878
2010,Toronto?Raptors,16,25,6,35,0.390243902,0.146341463,0.268292683
1950,Tri-Cities?Blackhawks,22,13,2,28,0.628571429,0.066666667,0.367647059
1979,Utah?Jazz,17,24,7,34,0.414634146,0.170731707,0.292682927
1980,Utah?Jazz,20,21,8,33,0.487804878,0.195121951,0.341463415
1981,Utah?Jazz,18,23,7,34,0.43902439,0.170731707,0.304878049
1982,Utah?Jazz,21,20,9,32,0.512195122,0.219512195,0.365853659
1983,Utah?Jazz,31,10,14,27,0.756097561,0.341463415,0.548780488
1984,Utah?Jazz,26,15,15,26,0.634146341,0.365853659,0.5
1985,Utah?Jazz,27,14,15,26,0.658536585,0.365853659,0.512195122
1986,Utah?Jazz,31,10,13,28,0.756097561,0.317073171,0.536585366
1987,Utah?Jazz,33,8,14,27,0.804878049,0.341463415,0.573170732
1988,Utah?Jazz,34,7,17,24,0.829268293,0.414634146,0.62195122
1989,Utah?Jazz,36,5,19,22,0.87804878,0.463414634,0.670731707
1990,Utah?Jazz,36,5,18,23,0.87804878,0.43902439,0.658536585
1991,Utah?Jazz,37,4,18,23,0.902439024,0.43902439,0.670731707
1992,Utah?Jazz,28,13,19,22,0.682926829,0.463414634,0.573170732
1993,Utah?Jazz,33,8,20,21,0.804878049,0.487804878,0.646341463
1994,Utah?Jazz,33,8,27,14,0.804878049,0.658536585,0.731707317
1995,Utah?Jazz,34,7,21,20,0.829268293,0.512195122,0.670731707
1996,Utah?Jazz,38,3,26,15,0.926829268,0.634146341,0.780487805
1997,Utah?Jazz,36,5,26,15,0.87804878,0.634146341,0.756097561
1998,Utah?Jazz,22,3,15,10,0.88,0.6,0.74
1999,Utah?Jazz,31,10,24,17,0.756097561,0.585365854,0.670731707
2000,Utah?Jazz,28,13,25,16,0.682926829,0.609756098,0.646341463
2001,Utah?Jazz,25,16,19,22,0.609756098,0.463414634,0.536585366
2002,Utah?Jazz,29,12,18,23,0.707317073,0.43902439,0.573170732
2003,Utah?Jazz,28,13,14,27,0.682926829,0.341463415,0.512195122
2004,Utah?Jazz,18,23,8,33,0.43902439,0.195121951,0.317073171
2005,Utah?Jazz,22,19,19,22,0.536585366,0.463414634,0.5
2006,Utah?Jazz,31,10,20,21,0.756097561,0.487804878,0.62195122
2007,Utah?Jazz,37,4,17,24,0.902439024,0.414634146,0.658536585
2008,Utah?Jazz,33,8,15,26,0.804878049,0.365853659,0.585365854
2009,Utah?Jazz,32,9,21,20,0.780487805,0.512195122,0.646341463
2010,Utah?Jazz,21,20,18,23,0.512195122,0.43902439,0.475609756
1995,Vancouver?Grizzlies,10,31,5,36,0.243902439,0.12195122,0.182926829
1996,Vancouver?Grizzlies,8,33,6,35,0.195121951,0.146341463,0.170731707
1997,Vancouver?Grizzlies,14,27,5,36,0.341463415,0.12195122,0.231707317
1998,Vancouver?Grizzlies,7,18,1,24,0.28,0.04,0.16
1999,Vancouver?Grizzlies,12,29,10,31,0.292682927,0.243902439,0.268292683
2000,Vancouver?Grizzlies,15,26,8,33,0.365853659,0.195121951,0.280487805
1974,Washington?Bullets,36,5,24,17,0.87804878,0.585365854,0.731707317
1975,Washington?Bullets,31,10,17,24,0.756097561,0.414634146,0.585365854
1976,Washington?Bullets,32,9,16,25,0.780487805,0.390243902,0.585365854
1977,Washington?Bullets,29,12,15,26,0.707317073,0.365853659,0.536585366
1978,Washington?Bullets,31,10,23,18,0.756097561,0.56097561,0.658536585
1979,Washington?Bullets,24,17,15,26,0.585365854,0.365853659,0.475609756
1980,Washington?Bullets,26,15,13,28,0.634146341,0.317073171,0.475609756
1981,Washington?Bullets,22,19,21,20,0.536585366,0.512195122,0.524390244
1982,Washington?Bullets,27,14,15,26,0.658536585,0.365853659,0.512195122
1983,Washington?Bullets,25,16,10,31,0.609756098,0.243902439,0.426829268
1984,Washington?Bullets,28,13,12,29,0.682926829,0.292682927,0.487804878
1985,Washington?Bullets,26,15,13,28,0.634146341,0.317073171,0.475609756
1986,Washington?Bullets,27,14,15,26,0.658536585,0.365853659,0.512195122
1987,Washington?Bullets,25,16,13,28,0.609756098,0.317073171,0.463414634
1988,Washington?Bullets,30,11,10,31,0.731707317,0.243902439,0.487804878
1989,Washington?Bullets,20,21,11,30,0.487804878,0.268292683,0.37804878
1990,Washington?Bullets,21,20,9,32,0.512195122,0.219512195,0.365853659
1991,Washington?Bullets,14,27,11,30,0.341463415,0.268292683,0.304878049
1992,Washington?Bullets,15,26,7,34,0.365853659,0.170731707,0.268292683
1993,Washington?Bullets,17,24,7,34,0.414634146,0.170731707,0.292682927
1994,Washington?Bullets,13,28,8,33,0.317073171,0.195121951,0.256097561
1995,Washington?Bullets,25,16,14,27,0.609756098,0.341463415,0.475609756
1996,Washington?Bullets,25,16,19,22,0.609756098,0.463414634,0.536585366
1950,Washington?Capitols,6,11,4,13,0.352941176,0.235294118,0.285714286
1997,Washington?Wizards,24,17,18,23,0.585365854,0.43902439,0.512195122
1998,Washington?Wizards,13,12,5,20,0.52,0.2,0.36
1999,Washington?Wizards,17,24,12,29,0.414634146,0.292682927,0.353658537
2000,Washington?Wizards,12,29,7,34,0.292682927,0.170731707,0.231707317
2001,Washington?Wizards,22,19,15,26,0.536585366,0.365853659,0.451219512
2002,Washington?Wizards,23,18,14,27,0.56097561,0.341463415,0.451219512
2003,Washington?Wizards,17,24,8,33,0.414634146,0.195121951,0.304878049
2004,Washington?Wizards,29,12,16,25,0.707317073,0.390243902,0.548780488
2005,Washington?Wizards,27,14,15,26,0.658536585,0.365853659,0.512195122
2006,Washington?Wizards,26,15,15,26,0.634146341,0.365853659,0.5
2007,Washington?Wizards,25,16,18,23,0.609756098,0.43902439,0.524390244
2008,Washington?Wizards,13,28,6,35,0.317073171,0.146341463,0.231707317
2009,Washington?Wizards,15,26,11,30,0.365853659,0.268292683,0.317073171
2010,Washington?Wizards,20,21,3,38,0.487804878,0.073170732,0.280487805
